coletanea;codigo;numeracao;titulo;creditos
Cantor Cristão;CC;1;Antífona;William H.Monk | H.Maxwell Wright
Cantor Cristão;CC;2;Justo és, Senhor;João Gomes da Rocha
Cantor Cristão;CC;3;Louvor ao Senhor;Robert Lowry | William E.Entzminger
Cantor Cristão;CC;4;Ao Deus santo;Mary Artemista Lathbury
Cantor Cristão;CC;5;Presença divina;Justus Henry Nelson | Felice de Giardini
Cantor Cristão;CC;6;Glória ao Senhor;Antonio José das Neves
Cantor Cristão;CC;7;Maravilhas divinas;Salomão Luiz Ginsburg | George Coles Stebbins
Cantor Cristão;CC;8;A Deus supremo;Louis M.Gottschalk | Thomas Ken
Cantor Cristão;CC;9;Santo, Santo;Reginald Heber | John Bacchus Dykes
Cantor Cristão;CC;10;Auxílio divino;Louis M.Gottschalk | Andrew Reed
Cantor Cristão;CC;11;Ao Deus Trino;Luther O.Emerson | William E.Entzminger
Cantor Cristão;CC;12;Louvamos;Richard Holden | John Francis Wade
Cantor Cristão;CC;13;Bendigam a Deus;Henry J.Gauntlett | Henry F.Lyte
Cantor Cristão;CC;14;O Deus de Abraão;Thomas Oliveira
Cantor Cristão;CC;15;Exultação;Fanny Jane Crosby | William Howard Doane
Cantor Cristão;CC;16;Vinde adorar;Henry Maxwell Wright | William Kanapp
Cantor Cristão;CC;17;O amor de Deus;Phillip P.Bliss | Stuart E.McNair
Cantor Cristão;CC;18;Amor sem igual;Stuart E.McNair
Cantor Cristão;CC;19;Alegre nova nos chegou;Albert Lister Peace | William E.Entzminger
Cantor Cristão;CC;20;Amor perene;Guilherme Luiz S.Ferreira
Cantor Cristão;CC;21;Do mundo Deus se condoeu;Salomão Luiz Ginsburg
Cantor Cristão;CC;22;Sublime amor;Edmund S.Lorenz
Cantor Cristão;CC;23;Deus fonte da vida;Henry M.Wright
Cantor Cristão;CC;24;Deus é amor;George Coles Stebbins | John Bowring
Cantor Cristão;CC;25;Que grande amor;James McGranahan | Robert Boswell
Cantor Cristão;CC;26;Rei excelso;George Frederick Haendel | Isaac Watts
Cantor Cristão;CC;27;Natal;Charles Wesley | Felix Mendelssohn Bartholdy
Cantor Cristão;CC;28;Nasceu o Redentor;William J.Kirkpatrick | Francis Bottome
Cantor Cristão;CC;29;É Jesus que nasce;William J.Kirkpatrick | Manuel Avelino de Souza
Cantor Cristão;CC;30;Noite de paz;Franz Xavier Gruber | Joseph Mohr
Cantor Cristão;CC;31;Lugar para Cristo;William J.Kirkpatrick | Francis Bottome
Cantor Cristão;CC;32;Novas tenho;Ira David Sankey
Cantor Cristão;CC;33;Nasceu Jesus;Robert Lowry | Robert Hawkey Moreton
Cantor Cristão;CC;34;Plena graça;
Cantor Cristão;CC;35;Incomparável;
Cantor Cristão;CC;36;O amor de Jesus;Philip Paul Bliss | Manuel A.Santos
Cantor Cristão;CC;37;Amor glorioso;Adoniram Judson Gordon | W.Spencer Walton
Cantor Cristão;CC;38;Divino amor;Mary Shekleton Ira David Sankey
Cantor Cristão;CC;39;A ovelha perdida;
Cantor Cristão;CC;40;Amor de Cristo;
Cantor Cristão;CC;41;Reconhecimento;
Cantor Cristão;CC;42;És tu Jesus meu Salvador;E.W.Bullinger James McGranahan
Cantor Cristão;CC;43;Preciosas palavras;Ira David Sankey | Fanny J.Crosby
Cantor Cristão;CC;44;A linda história;
Cantor Cristão;CC;45;Por amor de nós;
Cantor Cristão;CC;46;Jesus me transformou;Howard E.Smith | James Rowe
Cantor Cristão;CC;47;Alegria perene;Melodia americana Samuel Medley
Cantor Cristão;CC;48;Salvação;
Cantor Cristão;CC;49;Tudo fez Jesus;
Cantor Cristão;CC;50;A velha história;William Howard Doane | Katherine Hankey
Cantor Cristão;CC;51;Vida na graça;
Cantor Cristão;CC;52;Jesus glorioso;
Cantor Cristão;CC;53;Os filhos de Sião;
Cantor Cristão;CC;54;Glória e honra;
Cantor Cristão;CC;55;Hosana nas alturas;
Cantor Cristão;CC;56;Rei da glória;
Cantor Cristão;CC;57;Bendito o rei;
Cantor Cristão;CC;58;O nome de Jesus;
Cantor Cristão;CC;59;Saudai Emanuel;
Cantor Cristão;CC;60;Coroai;James Ellor | Esward Perronet
Cantor Cristão;CC;61;Glória a Jesus;
Cantor Cristão;CC;62;Nome precioso;William Howard Doane | Lydia Baxter
Cantor Cristão;CC;63;Jesus o Senhor;
Cantor Cristão;CC;64;Jubiloso;
Cantor Cristão;CC;65;Jesus, o bem amado;
Cantor Cristão;CC;66;Coroai-o ó remidos;Thomas Kelly | George Coles Stebbins
Cantor Cristão;CC;67;Cristo exaltado;Peter Philip Bilhorn | Stuart E.McNair
Cantor Cristão;CC;68;Bem-aventurados;
Cantor Cristão;CC;69;Aleluia;
Cantor Cristão;CC;70;Nome adorável;
Cantor Cristão;CC;71;Amigo eterno;
Cantor Cristão;CC;72;Amigo sem igual;
Cantor Cristão;CC;73;Um grande amigo;
Cantor Cristão;CC;74;Graça a Deus;
Cantor Cristão;CC;75;Que grande amigo;
Cantor Cristão;CC;76;Amigo verdadeiro;
Cantor Cristão;CC;77;O melhor amigo;Philip Bilhorn
Cantor Cristão;CC;78;Tudo de graça;
Cantor Cristão;CC;79;Um bom amigo;
Cantor Cristão;CC;80;Coração purificado;
Cantor Cristão;CC;81;Amigo incomparável;Johson Oatman Jr
Cantor Cristão;CC;82;O Gólgota;
Cantor Cristão;CC;83;A cruz de Cristo;
Cantor Cristão;CC;84;A cruz;
Cantor Cristão;CC;85;Cantai louvores;
Cantor Cristão;CC;86;Sangue precioso;Henry Maxwell Wright | Ethelbert William Bullinger
Cantor Cristão;CC;87;Calvário;
Cantor Cristão;CC;88;Que fazes por mim;
Cantor Cristão;CC;89;O poder do sangue;Lewis Edgar Jones
Cantor Cristão;CC;90;Contemplação;
Cantor Cristão;CC;91;Sangue de Jesus;
Cantor Cristão;CC;92;Substituição;Frances Ridley Havergal | Philip Paul Bliss
Cantor Cristão;CC;93;Só no sangue;
Cantor Cristão;CC;94;Jesus na cruz;
Cantor Cristão;CC;95;Vitória do rejeitado;
Cantor Cristão;CC;96;Deslumbrante;Antonio José S.Neves | Robert Lowry
Cantor Cristão;CC;97;Jesus veio aqui;
Cantor Cristão;CC;98;Jesus triunfou;
Cantor Cristão;CC;99;Ressurreição;Robert Lowry
Cantor Cristão;CC;100;Jesus ressuscitado;
Cantor Cristão;CC;101;Ressurgiu;Charles Wesley
Cantor Cristão;CC;102;Cristo volta;
Cantor Cristão;CC;103;Jesus vindo;
Cantor Cristão;CC;104;O bom porvir;
Cantor Cristão;CC;105;Feliz;
Cantor Cristão;CC;106;O desejado;
Cantor Cristão;CC;107;Esperando;
Cantor Cristão;CC;108;Chamada final;James Milton Black
Cantor Cristão;CC;109;Por pouco tempo;
Cantor Cristão;CC;110;Quando Cristo vier;
Cantor Cristão;CC;111;Não tardará;
Cantor Cristão;CC;112;Vencendo vem Jesus;John William Steffe Julia Ward Howe
Cantor Cristão;CC;113;O dia glorioso;
Cantor Cristão;CC;114;A vinda do Senhor;
Cantor Cristão;CC;115;Breve com Jesus;
Cantor Cristão;CC;116;Desejo da alma;William H.Doane | Fanny Jane Crosby
Cantor Cristão;CC;117;Espírito santo;
Cantor Cristão;CC;118;Santo espírito;
Cantor Cristão;CC;119;Fidelidade;
Cantor Cristão;CC;120;Louvai ao Senhor;
Cantor Cristão;CC;121;Ecos de louvor;
Cantor Cristão;CC;122;Motivos de louvor;
Cantor Cristão;CC;123;Bendito cordeiro;Henry Southwick Perkins
Cantor Cristão;CC;124;Cantarei;
Cantor Cristão;CC;125;Redenção;James McGranahan | Daniel Webster Whittle
Cantor Cristão;CC;126;Louvai;Chester G.Allen | Fanny Jane Crosby
Cantor Cristão;CC;127;Jesus bondoso;
Cantor Cristão;CC;128;A redenção;
Cantor Cristão;CC;129;Luz bendita;John R.Sweney | Eliza E.Hewitt
Cantor Cristão;CC;130;Beneficência;
Cantor Cristão;CC;131;Bendize;
Cantor Cristão;CC;132;Ebenezer;Ebenezer John Wyeth | Robert Robinson
Cantor Cristão;CC;133;Exultação;
Cantor Cristão;CC;134;Reino universal;
Cantor Cristão;CC;135;Louvor;ohn Jenkins Husband | William Paton MacKay
Cantor Cristão;CC;136;Estudo bíblico;
Cantor Cristão;CC;137;O pão da vida;
Cantor Cristão;CC;138;A lei do Senhor;
Cantor Cristão;CC;139;Dia do Senhor;
Cantor Cristão;CC;140;Domingo;
Cantor Cristão;CC;141;Descanso aos domingos;
Cantor Cristão;CC;142;Pão da vida;
Cantor Cristão;CC;143;A ceia do Senhor;
Cantor Cristão;CC;144;Vera páscoa;
Cantor Cristão;CC;145;Batismo;
Cantor Cristão;CC;146;Alegria verdadeira;
Cantor Cristão;CC;147;Obediência no batismo;
Cantor Cristão;CC;148;Hora bendita;William Batchelder Bradbury | William W Walford
Cantor Cristão;CC;149;Persistência em oração;
Cantor Cristão;CC;150;Pai nosso;
Cantor Cristão;CC;151;Comunhão;
Cantor Cristão;CC;152;Pastor divino;
Cantor Cristão;CC;153;Perdão;
Cantor Cristão;CC;154;Firmes nas promessas;Russel Kelso Carter | William Paton MacKay
Cantor Cristão;CC;155;O grande amigo;Charles Crozat Converse | Joseph Scriven
Cantor Cristão;CC;156;Orando sempre;
Cantor Cristão;CC;157;Vivifica-nos, Senhor;
Cantor Cristão;CC;158;Em oração;
Cantor Cristão;CC;159;Minha oração;William H.Doane | James Theodore Houston
Cantor Cristão;CC;160;A fé contemplada;Bentley DeForrest Ackley | James Rowe
Cantor Cristão;CC;161;Poder espiritual;
Cantor Cristão;CC;162;Vigiar e orar;
Cantor Cristão;CC;163;Desejos;
Cantor Cristão;CC;164;Vivificação;
Cantor Cristão;CC;165;Oração;
Cantor Cristão;CC;166;As promessas de Deus;
Cantor Cristão;CC;167;Vem inflama;Ira David Sankey | Guilherme Luiz S.Ferreira
Cantor Cristão;CC;168;Chuvas de bênçãos;James McGranahan | Daniel Webster Whittle
Cantor Cristão;CC;169;Mais de Cristo;John Robson Sweney | Eliza Edmunds Hewitt
Cantor Cristão;CC;170;Oração de consagração;Philip Paulo Bliss
Cantor Cristão;CC;171;Avivamento;William H.Doane | Albert Midlane
Cantor Cristão;CC;172;Cada dia;
Cantor Cristão;CC;173;Mais amor;
Cantor Cristão;CC;174;Faça-se a luz;
Cantor Cristão;CC;175;Minha aspiração;
Cantor Cristão;CC;176;Tempo de ser santo;
Cantor Cristão;CC;177;Alvorada;
Cantor Cristão;CC;178;O culto findou;
Cantor Cristão;CC;179;Fim do culto;
Cantor Cristão;CC;180;Despedida;
Cantor Cristão;CC;181;Bênção;
Cantor Cristão;CC;182;Despedida do culto;
Cantor Cristão;CC;183;A luz do mundo;
Cantor Cristão;CC;184;Há livre perdão;
Cantor Cristão;CC;185;Somente Cristo;
Cantor Cristão;CC;186;É Jesus quem salva;
Cantor Cristão;CC;187;Teus pecados;
Cantor Cristão;CC;188;O evangelho;
Cantor Cristão;CC;189;Graça inefável;
Cantor Cristão;CC;190;Para salvar-te;
Cantor Cristão;CC;191;Eis a nova;J.S.Fearis Manuel A.de Souza
Cantor Cristão;CC;192;Só por Jesus;Philip P.Bliss
Cantor Cristão;CC;193;Proclamação;
Cantor Cristão;CC;194;A mensagem celeste;
Cantor Cristão;CC;195;Vida por um olhar;
Cantor Cristão;CC;196;Conta-me;
Cantor Cristão;CC;197;Inabalável;
Cantor Cristão;CC;198;Aleluia;
Cantor Cristão;CC;199;Cordeiro divino;
Cantor Cristão;CC;200;Cristo meu salvador;
Cantor Cristão;CC;201;Novo nascimento;George C.Stebbins | William T.Sleeper
Cantor Cristão;CC;202;Jesus tem o poder;
Cantor Cristão;CC;203;Olha para Cristo;Philip P.Bliss | Henry Burton
Cantor Cristão;CC;204;Reconciliai-vos;
Cantor Cristão;CC;205;Ó minha alma sem demora;
Cantor Cristão;CC;206;Promessa gloriosa;
Cantor Cristão;CC;207;Mensagem real;
Cantor Cristão;CC;208;Justificação;Philip P.Bliss
Cantor Cristão;CC;209;Venham escutar;
Cantor Cristão;CC;210;Cristo te chama;George Coles Stebbins | Fanny Jane Crosby
Cantor Cristão;CC;211;Vem, pecador;
Cantor Cristão;CC;212;Oh, vinde já;
Cantor Cristão;CC;213;Quem ouvir as novas;
Cantor Cristão;CC;214;Cristo chama por ti;Bentley DEForrest Ackley | M.Avelino de Souza
Cantor Cristão;CC;215;Fonte bendita;
Cantor Cristão;CC;216;Descanso em Jesus;
Cantor Cristão;CC;217;Segue-me;
Cantor Cristão;CC;218;Vinde a mim;
Cantor Cristão;CC;219;Vem já;
Cantor Cristão;CC;220;Perdão e salvação;
Cantor Cristão;CC;221;Convite;
Cantor Cristão;CC;222;Manso e suave;Will Lamartine Thompson
Cantor Cristão;CC;223;Abrigo;
Cantor Cristão;CC;224;Um passo só;
Cantor Cristão;CC;225;Voz de ternura;John Hart Stockton | William Hunter
Cantor Cristão;CC;226;Dá teu coração;
Cantor Cristão;CC;227;Despertado coração;
Cantor Cristão;CC;228;Ouvi a chamada;
Cantor Cristão;CC;229;Régio hóspede;Williams Daniel W.Whittle | CC Williams Daniel W.Whittle
Cantor Cristão;CC;230;Deus chamando;
Cantor Cristão;CC;231;Vem filho vem;Ira David Sankey | Horatius Bonar
Cantor Cristão;CC;232;Cristo à porta;
Cantor Cristão;CC;233;Por que não já;
Cantor Cristão;CC;234;Cristo salva;
Cantor Cristão;CC;235;Chamada;
Cantor Cristão;CC;236;Atribulado coração;William James Kirkpatrick
Cantor Cristão;CC;237;Tão perto;Robert Lowry | Fanny J.Crosby
Cantor Cristão;CC;238;A água da vida;Robert Lowry | Fanny J.Crosby
Cantor Cristão;CC;239;A luz do céu;Charles Hutchison Gabriel
Cantor Cristão;CC;240;Oh! Vem a Cristo;Antônio José Millan | Ira David Sankey
Cantor Cristão;CC;241;Palavra abençoada;James McGranahan
Cantor Cristão;CC;242;Vinde já;Elisha A.Hoffmann
Cantor Cristão;CC;243;Vida eterna;
Cantor Cristão;CC;244;Graça admirável;John Zundel
Cantor Cristão;CC;245;Cristo vai passar;J.H.Tenney Elisha A.Hoffmann
Cantor Cristão;CC;246;Vem agora;
Cantor Cristão;CC;247;Vem filho perdido;William H.Doane | Ellen H.Gates
Cantor Cristão;CC;248;Filho pródigo;Robert Lowry
Cantor Cristão;CC;249;Banquete do Belsazar;Knowles Shaw
Cantor Cristão;CC;250;Quase induzido;Philip Paul Bliss
Cantor Cristão;CC;251;Quase achegado;Philip Paul Bliss
Cantor Cristão;CC;252;A porta franca;Silas Jones Vail | Lydia Baxter
Cantor Cristão;CC;253;Não havia lugar;
Cantor Cristão;CC;254;Não venhas tarde;Ricardo Pitrowsky
Cantor Cristão;CC;255;Qual é teu refúgio;
Cantor Cristão;CC;256;Inda há lugar;
Cantor Cristão;CC;257;Quem é que vai;
Cantor Cristão;CC;258;Chora agora;
Cantor Cristão;CC;259;A última hora;
Cantor Cristão;CC;260;Agora;
Cantor Cristão;CC;261;Alma ansiosa;
Cantor Cristão;CC;262;Contrição;
Cantor Cristão;CC;263;Luz divina;
Cantor Cristão;CC;264;Das trevas;
Cantor Cristão;CC;265;Resgate;
Cantor Cristão;CC;266;Tal qual estou;William B.Bradbury | Chalotte Elliott
Cantor Cristão;CC;267;Salvação pela fé;
Cantor Cristão;CC;268;Como estou;
Cantor Cristão;CC;269;Confissão;
Cantor Cristão;CC;270;Resolução;
Cantor Cristão;CC;271;Substituição;
Cantor Cristão;CC;272;Só um passo;
Cantor Cristão;CC;273;Salvador benigno;
Cantor Cristão;CC;274;Coro santo;
Cantor Cristão;CC;275;Contentamento;
Cantor Cristão;CC;276;Coro celeste;
Cantor Cristão;CC;277;Convencido;
Cantor Cristão;CC;278;Cantai;
Cantor Cristão;CC;279;A doce luz;
Cantor Cristão;CC;280;Fiquei curado;
Cantor Cristão;CC;281;Fonte divina;
Cantor Cristão;CC;282;Maravilha;
Cantor Cristão;CC;283;Mais perto;Lowell Mason | Sarah Flower Adams
Cantor Cristão;CC;284;Companhia divina;
Cantor Cristão;CC;285;O alvo supremo;
Cantor Cristão;CC;286;Junto a ti;
Cantor Cristão;CC;287;Com Jesus;
Cantor Cristão;CC;288;Perto do Senhor;
Cantor Cristão;CC;289;Ao pé da cruz;
Cantor Cristão;CC;290;Cristo, meu mestre;
Cantor Cristão;CC;291;Comunhão celeste;
Cantor Cristão;CC;292;Perto de Jesus;
Cantor Cristão;CC;293;Desejos espirituais;
Cantor Cristão;CC;294;Necessitado;
Cantor Cristão;CC;295;Tudo entregarei;Winfield Scott Weeden | Judson W.Van de Venter
Cantor Cristão;CC;296;Consagração;
Cantor Cristão;CC;297;Súplica;
Cantor Cristão;CC;298;Estou pronto;
Cantor Cristão;CC;299;Onde quer que seja;
Cantor Cristão;CC;300;Tudo por Cristo;
Cantor Cristão;CC;301;Crer e observar;Daniel B.Towner | John H.Sammis
Cantor Cristão;CC;302;Como a neve;
Cantor Cristão;CC;303;Amor a Jesus;
Cantor Cristão;CC;304;Um vaso de benção;Harper G.Smyth
Cantor Cristão;CC;305;Consagrar tudo;
Cantor Cristão;CC;306;O caminho da cruz;
Cantor Cristão;CC;307;Reconhecimento;
Cantor Cristão;CC;308;Para onde for, irei;
Cantor Cristão;CC;309;Consagrando-nos;
Cantor Cristão;CC;310;Em teus braços;
Cantor Cristão;CC;311;Confiança;Elisha A.Hoffmann | Henry M. Wright
Cantor Cristão;CC;312;Amparo;Philip Bliss
Cantor Cristão;CC;313;Proteção;
Cantor Cristão;CC;314;Estou seguro;
Cantor Cristão;CC;315;Meu clamor;
Cantor Cristão;CC;316;Deus é por mim;
Cantor Cristão;CC;317;Abrigo;
Cantor Cristão;CC;318;Deus me esconde;
Cantor Cristão;CC;319;Abrigo perfeito;Charles Hutchison Gabriel
Cantor Cristão;CC;320;Abrigo feliz;
Cantor Cristão;CC;321;Abrigo seguro;
Cantor Cristão;CC;322;Cristo valerá;Ada ruth Havershon
Cantor Cristão;CC;323;Castelo forte;Martin Luther
Cantor Cristão;CC;324;Refúgio verdadeiro;J.M.Whyte Manuel A.Souza
Cantor Cristão;CC;325;Naufrágio;
Cantor Cristão;CC;326;Refúgio;
Cantor Cristão;CC;327;O piloto;
Cantor Cristão;CC;328;Sossegai;Horatio Richmond Palmer
Cantor Cristão;CC;329;Conta as bênçãos;
Cantor Cristão;CC;330;O segredo do viver;
Cantor Cristão;CC;331;Glória no porvir;
Cantor Cristão;CC;332;Meu Deus é sabedor;
Cantor Cristão;CC;333;Deus é sabedor;
Cantor Cristão;CC;334;Alívio;
Cantor Cristão;CC;335;O gozo da vida;
Cantor Cristão;CC;336;Fonte de consolação;
Cantor Cristão;CC;337;Nada de desanimo;Charles H.Gabriel | Civilla D.Martin
Cantor Cristão;CC;338;Redentor;
Cantor Cristão;CC;339;Não consintas;Fanny Jane Crosby
Cantor Cristão;CC;340;Importará;
Cantor Cristão;CC;341;Socorro divino;
Cantor Cristão;CC;342;A minha cruz;Ballington Booth
Cantor Cristão;CC;343;Sempre firme;Ira David Sankey
Cantor Cristão;CC;344;Deus cuidará de ti;Walter Stilman Martin | Civilla Durfee Martin
Cantor Cristão;CC;345;Contar a Jesus;
Cantor Cristão;CC;346;Meu Deus proverá;
Cantor Cristão;CC;347;O coração em paz;Bentley DF.Ackley
Cantor Cristão;CC;348;Confiando;
Cantor Cristão;CC;349;Rica promessa;
Cantor Cristão;CC;350;Quero o salvador;
Cantor Cristão;CC;351;Direção divina;
Cantor Cristão;CC;352;Seguindo a Cristo;
Cantor Cristão;CC;353;Sou pecador;
Cantor Cristão;CC;354;Cada momento;Daniel Webster Whittle
Cantor Cristão;CC;355;Luz benigna;
Cantor Cristão;CC;356;Jesus como guia;
Cantor Cristão;CC;357;Guia-me;
Cantor Cristão;CC;358;Não há perigo;
Cantor Cristão;CC;359;Jesus como guia;
Cantor Cristão;CC;360;Companheiro;
Cantor Cristão;CC;361;Por mim;
Cantor Cristão;CC;362;Nunca sozinho;Henry Maxwell Wright
Cantor Cristão;CC;363;Sê tu meu guia;
Cantor Cristão;CC;364;Filhos de Deus;
Cantor Cristão;CC;365;Fé persistente;
Cantor Cristão;CC;366;Firmeza;William Batchelder Bradbury | Edward Mote
Cantor Cristão;CC;367;Firme na rocha;William James Kirkpatrick | Priscilla Jane Owens
Cantor Cristão;CC;368;Jesus bendito;
Cantor Cristão;CC;369;Só Jesus;
Cantor Cristão;CC;370;Crendo em Cristo;
Cantor Cristão;CC;371;Rocha eterna;Thomas Hastings
Cantor Cristão;CC;372;Salvo estou;
Cantor Cristão;CC;373;Certeza;
Cantor Cristão;CC;374;Salvo;
Cantor Cristão;CC;375;Segurança;Phoebe Palmer Knapp | Fanny Jane Crosby
Cantor Cristão;CC;376;Salvação perfeita;
Cantor Cristão;CC;377;Não sei porque;James McGranahan | Daniel Webster Whittle
Cantor Cristão;CC;378;Já certo estou;
Cantor Cristão;CC;379;Laços benditos;
Cantor Cristão;CC;380;Amor;
Cantor Cristão;CC;381;Amor fraternal;Sarah P Kalley | George J.Webb
Cantor Cristão;CC;382;Vamos à igreja;
Cantor Cristão;CC;383;Satisfação;
Cantor Cristão;CC;384;Que doce voz;C.Austin Miles | Manuel A.Souza
Cantor Cristão;CC;385;Louvor;Manuel Avelino de Souza | Charles H.Gabriel
Cantor Cristão;CC;386;Ah! Se eu tivesse mil vozes;William E.Entzminger | William F.Sherwin
Cantor Cristão;CC;387;Contentamento;
Cantor Cristão;CC;388;O homem feliz;
Cantor Cristão;CC;389;Ventura;
Cantor Cristão;CC;390;Nada falta;
Cantor Cristão;CC;391;Estou contente;
Cantor Cristão;CC;392;Extraviado;
Cantor Cristão;CC;393;Cristo para mim;
Cantor Cristão;CC;394;Realidade;
Cantor Cristão;CC;395;Cristo satisfaz;William Augustus Ogden
Cantor Cristão;CC;396;Foi na cruz foi na cruz;Ralph E.Hudson
Cantor Cristão;CC;397;Achei descanso;
Cantor Cristão;CC;398;Sou feliz;Phillip Paul Bliss | Horation Gates Spafford
Cantor Cristão;CC;399;Cantarei de Cristo;
Cantor Cristão;CC;400;Júbilo;
Cantor Cristão;CC;401;Eu sou de Jesus;Bentley DeForrest Ackley | James Rowe
Cantor Cristão;CC;402;Escrava resgatada;Robert Lowry
Cantor Cristão;CC;403;Eu alegre vou;Winfield S.Weeden | Judson W.V.Venter
Cantor Cristão;CC;404;Substituição;
Cantor Cristão;CC;405;Gozo e paz;
Cantor Cristão;CC;406;Confiar em Cristo;
Cantor Cristão;CC;407;Ditoso dia;Adapt. Edward F.Rimbault | Philip Doddridge
Cantor Cristão;CC;408;Descanso verdadeiro;
Cantor Cristão;CC;409;Plena paz;
Cantor Cristão;CC;410;No serviço do meu rei;Bentley DeForrest Ackley | Aifred Henry Ackley
Cantor Cristão;CC;411;Que alegria neste dia;
Cantor Cristão;CC;412;A música dos salvos;
Cantor Cristão;CC;413;Lealdade;
Cantor Cristão;CC;414;Acordai;
Cantor Cristão;CC;415;Alerta;Johan Martin Spiess | George Heath
Cantor Cristão;CC;416;Filhos da luz;Sarah P.Kalley
Cantor Cristão;CC;417;Brilha no meio do teu viver;Charles H.Gabriel
Cantor Cristão;CC;418;Disposição de trabalhar;
Cantor Cristão;CC;419;Mãos ao trabalho;
Cantor Cristão;CC;420;Servir alegremente;
Cantor Cristão;CC;421;Conversação cristã;
Cantor Cristão;CC;422;Trabalho cristão;
Cantor Cristão;CC;423;Oh, buscai;
Cantor Cristão;CC;424;Vamos à colheita;
Cantor Cristão;CC;425;Luz após trevas;
Cantor Cristão;CC;426;Gratidão na luta;Ira David Sankey
Cantor Cristão;CC;427;Conquistar o mundo;
Cantor Cristão;CC;428;Luz nas trevas;
Cantor Cristão;CC;429;Ceifando;
Cantor Cristão;CC;430;Em cada lugar;
Cantor Cristão;CC;431;Acode em tempo;
Cantor Cristão;CC;432;Avante com Deus;
Cantor Cristão;CC;433;A colheita além;Philip Paul Bliss | Emily S Oakey
Cantor Cristão;CC;434;Onde os obreiros;
Cantor Cristão;CC;435;Ainda há lugar;
Cantor Cristão;CC;436;Dai-nos luz;Charles H.Gabriel
Cantor Cristão;CC;437;As boas-novas;
Cantor Cristão;CC;438;Disse Jesus;Horation R.Palmer | Manuel A.de Souza
Cantor Cristão;CC;439;Oração pela pátria;Emily V.Lindsey | Salomão L.Ginsburg
Cantor Cristão;CC;440;A pátria feliz;
Cantor Cristão;CC;441;Graça e salvação;
Cantor Cristão;CC;442;O missionário;
Cantor Cristão;CC;443;Eis os milhões;
Cantor Cristão;CC;444;Brasil;
Cantor Cristão;CC;445;Deves divulgar;
Cantor Cristão;CC;446;Avançai;
Cantor Cristão;CC;447;Nunca ouvir de Cristo;
Cantor Cristão;CC;448;Ide;
Cantor Cristão;CC;449;Ousados proclamai;
Cantor Cristão;CC;450;Igreja, alerta;
Cantor Cristão;CC;451;Os que confiam;
Cantor Cristão;CC;452;Decisão;
Cantor Cristão;CC;453;À peleja;
Cantor Cristão;CC;454;Vitórias nas lutas;Samuel W.Beazley Manuel Avelino de Souza
Cantor Cristão;CC;455;Heróis;
Cantor Cristão;CC;456;O estandarte;
Cantor Cristão;CC;457;Confiança em Deus;
Cantor Cristão;CC;458;Cristo vos conduz;
Cantor Cristão;CC;459;Companheiras;
Cantor Cristão;CC;460;Vitória;
Cantor Cristão;CC;461;Fujamos da tentação;
Cantor Cristão;CC;462;Unidos;
Cantor Cristão;CC;463;Triunfo;
Cantor Cristão;CC;464;Sempre fiéis;
Cantor Cristão;CC;465;Igual a Daniel;
Cantor Cristão;CC;466;Lutai por Cristo;
Cantor Cristão;CC;467;Avante com alegria;
Cantor Cristão;CC;468;Testemunhos;
Cantor Cristão;CC;469;Corajosos;
Cantor Cristão;CC;470;O combate;
Cantor Cristão;CC;471;Vitorioso;
Cantor Cristão;CC;472;Frente ousada;
Cantor Cristão;CC;473;Firmes na fé;
Cantor Cristão;CC;474;Eia, ao combate;
Cantor Cristão;CC;475;Lutar;
Cantor Cristão;CC;476;Brilho celeste;G.H.Cook H.T.Zelley
Cantor Cristão;CC;477;Como andar;
Cantor Cristão;CC;478;O peregrino;
Cantor Cristão;CC;479;Vou à pátria;
Cantor Cristão;CC;480;Favor;Lowel Mason | Jane Cross Simpson
Cantor Cristão;CC;481;Ao lar celestial;
Cantor Cristão;CC;482;Guia, ó Deus;
Cantor Cristão;CC;483;Pátria celestial;
Cantor Cristão;CC;484;Da linda pátria estou mui longe;Stephen C.Foster | Justus Henry Nelson
Cantor Cristão;CC;485;Livro da vida;
Cantor Cristão;CC;486;Doce porvir;
Cantor Cristão;CC;487;Precioso é Jesus;Salomão Luiz Ginsburg | Charles Hutchison Gabriel
Cantor Cristão;CC;488;Cada vez mais;
Cantor Cristão;CC;489;Céu pra mim;James McGranahan | Pilip Paul Bliss
Cantor Cristão;CC;490;Aleluia sim é céu;James Milton Black | Benjameim Rufino Duarte
Cantor Cristão;CC;491;Como há de ser;
Cantor Cristão;CC;492;Meu canto celestial;
Cantor Cristão;CC;493;No paraíso;
Cantor Cristão;CC;494;Além;
Cantor Cristão;CC;495;Redenção;
Cantor Cristão;CC;496;Rio da vida;
Cantor Cristão;CC;497;Tantos remidos;
Cantor Cristão;CC;498;Bela cidade;Otis F.Presbrey | Jonathan Bush Atchinson
Cantor Cristão;CC;499;Tudo feliz;
Cantor Cristão;CC;500;Glória pra mim;Charles H.Gabriel
Cantor Cristão;CC;501;O nosso lar;John R.Sweney | Fanny Jane Crosby
Cantor Cristão;CC;502;Um pouco mais;
Cantor Cristão;CC;503;Face a face;
Cantor Cristão;CC;504;Lá no céu;
Cantor Cristão;CC;505;Jerusalém;
Cantor Cristão;CC;506;Junto ao trono;George C.Stebbins
Cantor Cristão;CC;507;Minha coroa;
Cantor Cristão;CC;508;Terra feliz;
Cantor Cristão;CC;509;Verei meu redentor;Benjamim Rufino Duarte
Cantor Cristão;CC;510;Fonte de amor;
Cantor Cristão;CC;511;Com Jesus;
Cantor Cristão;CC;512;O doce lar;
Cantor Cristão;CC;513;Triunfo;
Cantor Cristão;CC;514;Paz real;
Cantor Cristão;CC;515;Na glória;
Cantor Cristão;CC;516;Além da morte;
Cantor Cristão;CC;517;Querido lar;William A.Ogden
Cantor Cristão;CC;518;Glória;Lowell Mason | John Law
Cantor Cristão;CC;519;Perante o rei;
Cantor Cristão;CC;520;Canaã celeste;
Cantor Cristão;CC;521;Jerusalém;
Cantor Cristão;CC;522;Um bom amigo;
Cantor Cristão;CC;523;Cordeirinhos;
Cantor Cristão;CC;524;Jóias preciosas;
Cantor Cristão;CC;525;Vinde meninos;George F.Root
Cantor Cristão;CC;526;Os meninos;
Cantor Cristão;CC;527;A bênção;
Cantor Cristão;CC;528;Aspiração infantil;
Cantor Cristão;CC;529;Vai buscar;
Cantor Cristão;CC;530;Soldado infantil;
Cantor Cristão;CC;531;Teu cantinho;Edwin O.Excell | Emily H.Miller
Cantor Cristão;CC;532;Ó meninos, vinde;
Cantor Cristão;CC;533;Pequenos guerreiros;
Cantor Cristão;CC;534;Cantam glória;
Cantor Cristão;CC;535;Hosana infantil;
Cantor Cristão;CC;536;A lição;
Cantor Cristão;CC;537;Desejo infantil;
Cantor Cristão;CC;538;Oh, vinde, meninos;
Cantor Cristão;CC;539;Brilhando;
Cantor Cristão;CC;540;Oração de criança;
Cantor Cristão;CC;541;Pequenos raios;
Cantor Cristão;CC;542;Jesus e as crianças;
Cantor Cristão;CC;543;Cântico escolar;
Cantor Cristão;CC;544;Avante mocidade;Ricardo Pitrowsky
Cantor Cristão;CC;545;Vamos à escola;
Cantor Cristão;CC;546;Mocidade, avante;
Cantor Cristão;CC;547;Semeando e segando;
Cantor Cristão;CC;548;Jovens lutadores;
Cantor Cristão;CC;549;Alerta, mocidade;
Cantor Cristão;CC;550;Juventude;James McGranahan
Cantor Cristão;CC;551;Mocidade;
Cantor Cristão;CC;552;Mocidade crente;
Cantor Cristão;CC;553;Lealdade a Cristo;
Cantor Cristão;CC;554;Agora;
Cantor Cristão;CC;555;Alerta, jovens;
Cantor Cristão;CC;556;Vou dormir em paz;
Cantor Cristão;CC;557;O anoitecer;
Cantor Cristão;CC;558;Hino vespertino;
Cantor Cristão;CC;559;Fim do ano;
Cantor Cristão;CC;560;Ano novo;
Cantor Cristão;CC;561;Salve, ano novo;
Cantor Cristão;CC;562;Templo novo;
Cantor Cristão;CC;563;Consagração de templo;
Cantor Cristão;CC;564;Mais um templo;
Cantor Cristão;CC;565;Separação;William G.Tomer | Jeremiah E.Rankin
Cantor Cristão;CC;566;Saudação;
Cantor Cristão;CC;567;União vital;Samuel W. Beazley Manuel A.Souza
Cantor Cristão;CC;568;Casamento;
Cantor Cristão;CC;569;O ministério santo;
Cantor Cristão;CC;570;Mais um obreiro;
Cantor Cristão;CC;571;Morte do crente;
Cantor Cristão;CC;572;Dormir em Cristo;
Cantor Cristão;CC;573;Dormindo no Senhor;
Cantor Cristão;CC;574;Pátria Brasileira;
Cantor Cristão;CC;575;República do Brasil;
Cantor Cristão;CC;576;Hino à Bandeira Nacional;
Cantor Cristão;CC;577;Hino Nacional Brasileiro;
Cantor Cristão;CC;578;Sonda-me, ó Deus;
Cantor Cristão;CC;579;Olhando para Cristo;
Cantor Cristão;CC;580;Vem visita a tua igreja;Melodia Galesa Henry M. Wright
Cantor Cristão;CC;581;A única esperança;
Hinário para o Culto Cristão;HCC;1;Oh, vinde adorar!;H. Wright/W. Knapp
Hinário para o Culto Cristão;HCC;2;Santo! Santo! Santo!;Ap 4.8-11, R. Heber/J. Dykes
Hinário para o Culto Cristão;HCC;4;Santo, santo, Pai bondoso!;J. Owens
Hinário para o Culto Cristão;HCC;6;Onipotente Rei;Desc./Felice de Giardini
Hinário para o Culto Cristão;HCC;8;A ti, ó Deus, fiel e bom Senhor;H. Wright/W. Monk
Hinário para o Culto Cristão;HCC;9;Louvamos-te, ó Deus;W. Mackay/J. Husband
Hinário para o Culto Cristão;HCC;10;Louvemos ao Senhor;M. Rinkart/J. Crüger
Hinário para o Culto Cristão;HCC;13;Deus sábio, invisível, perfeito, imortal;W. Smith/Mel. galesa
Hinário para o Culto Cristão;HCC;14;Ao Deus de Abraão louvai;D. Dayyam/Mel. hebraica
Hinário para o Culto Cristão;HCC;15;Ó minha alma, a Deus bendize;Sl 103, H. Lyte/M. Andrews
Hinário para o Culto Cristão;HCC;17;Fonte és tu de toda bênção;R. Robinson/Hinário americano, 1813
Hinário para o Culto Cristão;HCC;18;O santo de Israel;E. Gióia/D. Peacock
Hinário para o Culto Cristão;HCC;21;Tu és digno de louvor;H. Rollo Jr.
Hinário para o Culto Cristão;HCC;22;Justo és, Senhor;Metrif. Sl 145.17,18/L. Mason
Hinário para o Culto Cristão;HCC;23;Não a nós, Senhor;Metrif. Sl 115,G.Kerr Neto/N. Bomilcar
Hinário para o Culto Cristão;HCC;25;Tu és fiel, Senhor;T. Chisholm/W. Runyam
Hinário para o Culto Cristão;HCC;27;Cantemos os louvores;R. Hasse/ Hinário alemão
Hinário para o Culto Cristão;HCC;29;Deus é Amor;J. Bowring/J. Sutton
Hinário para o Culto Cristão;HCC;30;A terra semeamos;M. Claudius/J. Shulz
Hinário para o Culto Cristão;HCC;32;Ao Deus de amor e de imensa bondade;S. Ginsburg/G. Stebbins
Hinário para o Culto Cristão;HCC;33;Deus cuidará de ti;C. Martin/W. Martin
Hinário para o Culto Cristão;HCC;34;Deus dos antigos;D. Roberts/G. Warren
Hinário para o Culto Cristão;HCC;35;Deus guia seus filhos em paz;G. Young
Hinário para o Culto Cristão;HCC;37;Deus vos guarde pelo seu poder;J. Rankin/W. Tomer
Hinário para o Culto Cristão;HCC;38;Ó Deus, eterno ajudador;Metrif. Sl 90, I. Watts/W. Croft
Hinário para o Culto Cristão;HCC;40;As tuas mãos dirigem meu destino;J. Hausmann/D. Hodges
Hinário para o Culto Cristão;HCC;42;Guia, ó Deus a minha vida;W. Williams/J. Hughes
Hinário para o Culto Cristão;HCC;43;Tu és digno;P. Mills
Hinário para o Culto Cristão;HCC;45;O mundo é teu, Senhor;M. Babcock/F. Shepard
Hinário para o Culto Cristão;HCC;46;Pela graça e o primor;F. Pierpoint/C. Kocher
Hinário para o Culto Cristão;HCC;47;Altamente os céus proclamam;Metr. Sl19, S. Kalley/Melodia alemã
Hinário para o Culto Cristão;HCC;48;Eu louvo o poderoso Deus;I. Watts/R. Manuel
Hinário para o Culto Cristão;HCC;50;Louvai ao Deus da criação;J. Schütz/Harm. M. Bell
Hinário para o Culto Cristão;HCC;52;Grandioso és tu!;C. Boberg/Mel. sueca
Hinário para o Culto Cristão;HCC;53;Tudo belo, ó Deus, criaste;M. Edgar/C. Lowden
Hinário para o Culto Cristão;HCC;54;Toda a natureza;S. Souza
Hinário para o Culto Cristão;HCC;55;Deus, por amor criou;F. Green/Mel. americana
Hinário para o Culto Cristão;HCC;59;Saudai o nome de Jesus;Perronet/Holden
Hinário para o Culto Cristão;HCC;60;Aleluia! Aleluia! Gratos hinos entoai;C. Wordsworth/L. van Beethoven
Hinário para o Culto Cristão;HCC;62;Jesus, sempre te amo;Featherstone/Gordon
Hinário para o Culto Cristão;HCC;63;Maravilhoso, ó Jesus amado;Mel. alemã
Hinário para o Culto Cristão;HCC;64;Glorioso és tu, Senhor;McKinney/Gióia
Hinário para o Culto Cristão;HCC;66;Cantarei ao meu Salvador;Smith/Ackley
Hinário para o Culto Cristão;HCC;67;Dai ao Cordeiro o louvor;Bonar/Landenberger
Hinário para o Culto Cristão;HCC;68;Tudo és tu, Jesus;Krummacher/Koch
Hinário para o Culto Cristão;HCC;69;Desejo te adorar, Senhor;J.Moraes/R.Manuel
Hinário para o Culto Cristão;HCC;71;Nós te louvamos, ó Senhor Jesus;Tucker/Vaughn Williams
Hinário para o Culto Cristão;HCC;72;Mil línguas eu quisera ter;C. Wesley/ Port. R.H. Moreton/ C. G. Glaser / Harm. R. Manuel
Hinário para o Culto Cristão;HCC;73;Louvamos, louvamos, Senhor, e adoramos;Holden/Kremser
Hinário para o Culto Cristão;HCC;75;Bendize tu, meu coração;Saltério escocês/ Hastings
Hinário para o Culto Cristão;HCC;76;Ao eterno salvador Jesus;Moraes/ Manuel
Hinário para o Culto Cristão;HCC;77;Luz da minha alma;Keble/J.Sutton
Hinário para o Culto Cristão;HCC;79;Ó Jesus, eu te amo;Tomes
Hinário para o Culto Cristão;HCC;80;Bendito seja sempre o Cordeiro;Kerr/Camargo
Hinário para o Culto Cristão;HCC;82;Meu Deus, eu te amo;Xavier/Booth
Hinário para o Culto Cristão;HCC;84;Eu te amo, ó meu Salvador;Desc./Hinário americano
Hinário para o Culto Cristão;HCC;85;Oh, vem, oh, vem, Emanuel!;Hino latino/Melodia gregoriana
Hinário para o Culto Cristão;HCC;87;Vem, Jesus tão desejado;Wesley/Perry
Hinário para o Culto Cristão;HCC;89;Em silêncio toda carne;Liturgia grega/Melosia francesa
Hinário para o Culto Cristão;HCC;90;Oh, vinde, fiéis!;Wade
Hinário para o Culto Cristão;HCC;91;Noite de paz! Noite de amor!;Mohr/Gruber
Hinário para o Culto Cristão;HCC;92;O canto angelical;Sears/Willis
Hinário para o Culto Cristão;HCC;94;Falai pelas montanhas;Negro spiritual
Hinário para o Culto Cristão;HCC;95;De Belém a linda história;Lício & Faustini/mel.polonesa
Hinário para o Culto Cristão;HCC;96;Cantam anjos harmonias;Wesley/Mendelssohn
Hinário para o Culto Cristão;HCC;97;Anjos das mansões de glória;Montgomery/Smart
Hinário para o Culto Cristão;HCC;98;Pequena vila de Belém;Brooks/Redner
Hinário para o Culto Cristão;HCC;99;Num berço de palhas;Desc./Murray
Hinário para o Culto Cristão;HCC;100;Proclamaram anjos mil o primeiro Natal;Hino inglês/Melodia inglesa
Hinário para o Culto Cristão;HCC;102;Quem é o menino?;Dix/mel. inglesa
Hinário para o Culto Cristão;HCC;104;Surgem anjos proclamando;Hino/Melodia francesa
Hinário para o Culto Cristão;HCC;106;Cantai que o Salvador chegou!;Waats/Handel
Hinário para o Culto Cristão;HCC;107;Numa estrebaria rude;Alexander/Gauntlett
Hinário para o Culto Cristão;HCC;108;Vem, minha alma, alegremente;Gerhardt/ Ebeling
Hinário para o Culto Cristão;HCC;109;Repousa tranquilo;Salum/ mel.nordestina
Hinário para o Culto Cristão;HCC;110;Jesus foi criança como eu;Almir Rosa
Hinário para o Culto Cristão;HCC;112;Vem, Jesus, habitar comigo;Elliott/Sankey
Hinário para o Culto Cristão;HCC;114;Veio a este mundo o Senhor Jesus;Morris
Hinário para o Culto Cristão;HCC;116;Um dia;Chapman/Marsh
Hinário para o Culto Cristão;HCC;117;Homem de tristeza e dor;Philip Bliss
Hinário para o Culto Cristão;HCC;118;São de Jesus as Histórias;Parker/Martin/Challinor
Hinário para o Culto Cristão;HCC;120;Jesus desceu, a Bíblia o diz;McNair/M.Ferreira
Hinário para o Culto Cristão;HCC;121;Jesus o lar do céu deixou;Montgomery/Cram
Hinário para o Culto Cristão;HCC;123;A ti, hosana e glória;Orleans/Teschner
Hinário para o Culto Cristão;HCC;124;Morri na cruz por ti;Havergal/Bliss
Hinário para o Culto Cristão;HCC;125;Oh, quanto, quanto nos amou!;Alexander/R.Manuel
Hinário para o Culto Cristão;HCC;127;Ao contemplar a rude cruz;Watts/Mason
Hinário para o Culto Cristão;HCC;128;Digno é o Cordeiro;Donald Wyrtzen
Hinário para o Culto Cristão;HCC;130;Oh, fronte ensanguentada!;Gerhardt/Hassler/Bach
Hinário para o Culto Cristão;HCC;132;Rude cruz;George Bennard
Hinário para o Culto Cristão;HCC;134;Bem junto à cruz de Cristo;Clephane/Maker
Hinário para o Culto Cristão;HCC;135;Cristo já ressuscitou;Charles Wesley
Hinário para o Culto Cristão;HCC;136;Adoro o Cristo vivo;Alfred Ackley
Hinário para o Culto Cristão;HCC;137;Porque vivo está;Gaither
Hinário para o Culto Cristão;HCC;138;Vinde vós, fiéis, cantar;Damasceno/ Sullivan
Hinário para o Culto Cristão;HCC;140;Da sepultura saiu;Lowry
Hinário para o Culto Cristão;HCC;142;Findou-se a luta de Jesus!;Hino latino/ Minchin
Hinário para o Culto Cristão;HCC;144;Findou-se a luta de Jesus!;Hino latino/ P. da Palestrina
Hinário para o Culto Cristão;HCC;145;Hoje nos lembramos da ressurreição;Fortunatus/ Barnby
Hinário para o Culto Cristão;HCC;146;Sei que vive o Redentor;Neves/ Rollo
Hinário para o Culto Cristão;HCC;148;Jesus virá;Peterson
Hinário para o Culto Cristão;HCC;150;Será de manhã?;Turner/ MsGraham
Hinário para o Culto Cristão;HCC;152;O sertanejo, quando espera pela chuva;Almir Rosa
Hinário para o Culto Cristão;HCC;153;Já refulge a glória eterna de Jesus;Howe/ Hino americano séc. XIX
Hinário para o Culto Cristão;HCC;155;Afirmou o Senhor que virá outra vez;Hewitt/ Sweney
Hinário para o Culto Cristão;HCC;157;Quando Deus fizer chamada;Black
Hinário para o Culto Cristão;HCC;160;Um bom amigo e fiel achei;Scholfield/Hodges
Hinário para o Culto Cristão;HCC;162;Cristo amigo das crianças;Mathams/ Faicloth
Hinário para o Culto Cristão;HCC;163;Todo coração procura;Wrigth/ Grullón
Hinário para o Culto Cristão;HCC;165;Em Jesus amigo temos;Scriven/Converse
Hinário para o Culto Cristão;HCC;166;Senhor, é admirável o teu divino amor;Deck/ Mann
Hinário para o Culto Cristão;HCC;167;O teu amor, Jesus;Tersteegen/ Bortniansky
Hinário para o Culto Cristão;HCC;168;Quanto nos ama Jesus!;Kaiser
Hinário para o Culto Cristão;HCC;169;Buscou-me com ternura;Walton/Gordon
Hinário para o Culto Cristão;HCC;170;Maravilhoso amor;Hino americano/Col. Americana
Hinário para o Culto Cristão;HCC;171;Amor, que por amor desceste!;Matheson/Peace
Hinário para o Culto Cristão;HCC;173;Cristo tem amor por mim;Warner/Bradbury
Hinário para o Culto Cristão;HCC;174;Nome bom, doce à fé;Baxter/Doane
Hinário para o Culto Cristão;HCC;175;Jesus, teu nome é santo;Menezes/ Landenberger
Hinário para o Culto Cristão;HCC;177;Nome que inspira o meu louvor;F. Whitfield/W. Rudd
Hinário para o Culto Cristão;HCC;179;Jesus é o nome do Cristo de Deus;Holden/ Hodges
Hinário para o Culto Cristão;HCC;180;Jesus, teu nome satisfaz;Martin/ Ginsburg
Hinário para o Culto Cristão;HCC;181;Jesus me guia;Gilmore/Bradbury
Hinário para o Culto Cristão;HCC;182;Dia a dia;SandellBerg/ Ahnfelt
Hinário para o Culto Cristão;HCC;183;Cada momento;Ginsburg/Moody
Hinário para o Culto Cristão;HCC;185;Meu bom Pastor;Peterson
Hinário para o Culto Cristão;HCC;187;O meu pastor é o bom Jesus;J. Irvine
Hinário para o Culto Cristão;HCC;188;Glória ao Redentor;Hoffman/ Stockton
Hinário para o Culto Cristão;HCC;189;Oh, que sangue tão precioso!;Wright/ Rollo Jr.
Hinário para o Culto Cristão;HCC;190;Por meus pecados padeceu;Watts/ Ransom
Hinário para o Culto Cristão;HCC;191;Cantarei a linda história;Rowley/ Prichard
Hinário para o Culto Cristão;HCC;193;Maravilhosa graça;H. Lillenas
Hinário para o Culto Cristão;HCC;194;O Rei da glória, o Rei dos reis;Kerr/Camargo
Hinário para o Culto Cristão;HCC;195;Oh, venham coroar!;Bridges/Kasche
Hinário para o Culto Cristão;HCC;196;Oh, momento glorioso!;Kelly/ Stebbins
Hinário para o Culto Cristão;HCC;197;Cristo Jesus com poder reinará;Watts/ Hatton
Hinário para o Culto Cristão;HCC;198;Cristo é meu Rei;Desconhecido
Hinário para o Culto Cristão;HCC;199;A Jesus, o Rei da glória;Lyte/Langston
Hinário para o Culto Cristão;HCC;200;Cristo é tudo para mim;W.L.Thompson
Hinário para o Culto Cristão;HCC;202;Ele é meu e teu Senhor;Ward/Danner
Hinário para o Culto Cristão;HCC;203;Cristo é meu Senhor;McClard
Hinário para o Culto Cristão;HCC;205;Ele é o meu Senhor;Negro spiritual
Hinário para o Culto Cristão;HCC;206;Santo Espírito Divino;Kaschel/ Ganey
Hinário para o Culto Cristão;HCC;207;Ó bom Consolador;Hatch/ Jackson
Hinário para o Culto Cristão;HCC;208;Eu não posso fugir do teu Espírito;Burgess
Hinário para o Culto Cristão;HCC;209;Oh, vem fazer, fiel Consolador!;Croly/Manuel
Hinário para o Culto Cristão;HCC;210;Eu os guiarei ao lar;Wells/ Mountain
Hinário para o Culto Cristão;HCC;212;Ó Senhor, vem me dirigir;Moraes/ Manuel
Hinário para o Culto Cristão;HCC;213;Oh, vive em mim Consolador;Hatch/ McKinney
Hinário para o Culto Cristão;HCC;214;É divina, sábia e pura;Fonseca/Sleeth
Hinário para o Culto Cristão;HCC;215;Livro santo;Sodré
Hinário para o Culto Cristão;HCC;216;Eu quero o pão do céu;Lathbury & Groves/Sherwin
Hinário para o Culto Cristão;HCC;217;É a Bíblia nossa luz;Kaschel/Bradbury
Hinário para o Culto Cristão;HCC;219;Deus nos deu mensagem santa;Kalley/Hopkins
Hinário para o Culto Cristão;HCC;220;Teu santo livro;Kalley/Hastings
Hinário para o Culto Cristão;HCC;222;Deus está presente;Tersteegen/Neander
Hinário para o Culto Cristão;HCC;223;Alegres, adorai;Wesley/Darwall
Hinário para o Culto Cristão;HCC;224;Vós, criaturas de Deus Pai;Francisco de Assis/Hinário alemão
Hinário para o Culto Cristão;HCC;226;Este é o dia do Senhor;Newton/Red
Hinário para o Culto Cristão;HCC;227;Louve, meu ser, ao grandioso, Senhor Rei da glória;Neander/Benett
Hinário para o Culto Cristão;HCC;228;A Deus demos glória;Crosby/Doane
Hinário para o Culto Cristão;HCC;229;Louvem, com alegre som;Milton/Wilkes
Hinário para o Culto Cristão;HCC;230;Louvai com todo o ardor;Plumptre/Messiter
Hinário para o Culto Cristão;HCC;233;Adorem o Rei;Grant/Haydn
Hinário para o Culto Cristão;HCC;234;Pai Celeste, Deus Bendito;Pages/Desconhecido
Hinário para o Culto Cristão;HCC;235;Vinde, cristãos, cantai;Bateman/Carr
Hinário para o Culto Cristão;HCC;236;Sim, com certeza meu Senhor aqui está;Wolfe
Hinário para o Culto Cristão;HCC;238;A Deus, o Pai e Benfeitor;Ken/ Burgeois
Hinário para o Culto Cristão;HCC;239;Santo és tu, Senhor;Comissão do HCC/ Shubert
Hinário para o Culto Cristão;HCC;240;Cristo nós te adoramos;Hino latino/ Dubois
Hinário para o Culto Cristão;HCC;241;Aceita, agora, Senhor, meu Deus;Moraes/Manuel
Hinário para o Culto Cristão;HCC;243;Ó Deus, venho te agradecer;J.F. Araújo
Hinário para o Culto Cristão;HCC;244;Oh, trazei à casa do tesouro!;Leech
Hinário para o Culto Cristão;HCC;246;Santuários nós somos;Moraes/ChávezMelo
Hinário para o Culto Cristão;HCC;247;Vem nos ensinar, Senhor;Green/ Burroughs
Hinário para o Culto Cristão;HCC;248;Ao findar o labor desta vida;Diener
Hinário para o Culto Cristão;HCC;250;Vinde, aflitos pecadores;Hart/Wood
Hinário para o Culto Cristão;HCC;251;Salvação Jesus me dá;Avelino de Souza/Fischer
Hinário para o Culto Cristão;HCC;252;Amigo, não saia sem Cristo;Taylor
Hinário para o Culto Cristão;HCC;254;Cristo, só Cristo;LeFevre
Hinário para o Culto Cristão;HCC;255;“Triste estás, cansado e aflito?”;Mar Saba/Hodges
Hinário para o Culto Cristão;HCC;256;Jesus quer entrar hoje em teu coração;Carmichael
Hinário para o Culto Cristão;HCC;257;Venha, ó sofredor, venha agora;Moore/Ramsey
Hinário para o Culto Cristão;HCC;259;Escuto a voz do bom Jesus;Watson/Hodges
Hinário para o Culto Cristão;HCC;260;Anda com Jesus;Seitz
Hinário para o Culto Cristão;HCC;262;Deixa o Salvador te ajudar;Reynolds
Hinário para o Culto Cristão;HCC;264;Oh, olhai, pois, e vivei!;Ogden
Hinário para o Culto Cristão;HCC;265;Terás vida em olhar pra Jesus;Hull/Taylor
Hinário para o Culto Cristão;HCC;266;Uma bênção antiga;Spann/Agay
Hinário para o Culto Cristão;HCC;268;O Senhor te abençoe e te guarde;Allen
Hinário para o Culto Cristão;HCC;269;Finda-se este dia;BaringGould/Loud
Hinário para o Culto Cristão;HCC;271;Findo o culto;Kaschel/ Barnard
Hinário para o Culto Cristão;HCC;274;Com a paz vem despedir-nos;Houston/ Goss
Hinário para o Culto Cristão;HCC;275;Perdoa-me, Senhor;H. Rollo Jr.
Hinário para o Culto Cristão;HCC;277;Estou aqui, Jesus;Crosby/ Rollo Jr.
Hinário para o Culto Cristão;HCC;279;Sonda-me, ó Deus;Orr/ Landenberg
Hinário para o Culto Cristão;HCC;280;Se sofrimentos eu causei, Senhor;Battersby/Sosa
Hinário para o Culto Cristão;HCC;282;Tem misericórdia de mim, Senhor;Hodges
Hinário para o Culto Cristão;HCC;283;Eu creio, Senhor, na divina promessa;Campos/Fernandes Braga
Hinário para o Culto Cristão;HCC;284;Em Cristo há perfeito perdão;Bilhorn/ Entzminger
Hinário para o Culto Cristão;HCC;286;Alvos mais que a neve;Latta/Perkins
Hinário para o Culto Cristão;HCC;288;Vem, Senhor, do bem a fonte;Robinson/ Owens
Hinário para o Culto Cristão;HCC;290;Alegra o triste coração;Newton/ Trad. Americano
Hinário para o Culto Cristão;HCC;291;Graça de Deus, infinito amor;Johnston/ Towner
Hinário para o Culto Cristão;HCC;293;Foi na cruz;Hudson/Desconhecido
Hinário para o Culto Cristão;HCC;295;Para o céu por Jesus irei;Pounds/Gabriel
Hinário para o Culto Cristão;HCC;296;Eis a nova;Souza/Fearis
Hinário para o Culto Cristão;HCC;297;Feliz o dia;Doddridge/Desconhecido
Hinário para o Culto Cristão;HCC;299;As novas do evangelho;Wesley Martin
Hinário para o Culto Cristão;HCC;300;Tal qual estou;Kaschel/ Bradbury
Hinário para o Culto Cristão;HCC;301;Remido;Crosby/Butler
Hinário para o Culto Cristão;HCC;303;Maravilhoso Cristo;Russell/ Sellers
Hinário para o Culto Cristão;HCC;304;Jesus, levaste a minha cruz;Souza/ Landenberg
Hinário para o Culto Cristão;HCC;305;Rocha eterna;Toplady/ Landerberg
Hinário para o Culto Cristão;HCC;307;Rocha eterna;Toplady/ Hastings
Hinário para o Culto Cristão;HCC;308;Livre em Cristo;J. Moraes/R. Manuel
Hinário para o Culto Cristão;HCC;310;Quem salva é só Jesus!;Rocha/ Barnby
Hinário para o Culto Cristão;HCC;311;Deus enviou Jesus;Geier
Hinário para o Culto Cristão;HCC;312;Seu maravilhoso olhar;Peterson
Hinário para o Culto Cristão;HCC;314;Preciosa a graça de Jesus;Newton/Excell
Hinário para o Culto Cristão;HCC;315;És minha alegria;Franck/Mel. trad. Alemã
Hinário para o Culto Cristão;HCC;316;Só em pensar em ti, Jesus;Bernard de Clairvaux/ Dykes
Hinário para o Culto Cristão;HCC;318;Que alegria é crer em Cristo!;Stead/Kirkpatrick
Hinário para o Culto Cristão;HCC;319;Agora estou contente;Maxfield/Ogden
Hinário para o Culto Cristão;HCC;321;Cristo é nossa esperança;Kerr Neto/ Oliveira Filho
Hinário para o Culto Cristão;HCC;323;Eu alegre vou na sua luz;DeVenter/Weeden
Hinário para o Culto Cristão;HCC;324;Pelo vale escuro;Motta/Von Holst
Hinário para o Culto Cristão;HCC;326;Jesus, em ti eu tenho paz;H. Rollo Jr.
Hinário para o Culto Cristão;HCC;327;Se teu coração estiver em paz;DeArmond/Ackley
Hinário para o Culto Cristão;HCC;329;Sou feliz com Jesus;Spafford/Bliss
Hinário para o Culto Cristão;HCC;330;Descansando no poder de Deus;Hoffman/Showalter
Hinário para o Culto Cristão;HCC;331;Como um rio calmo;Havergal/ Mountain
Hinário para o Culto Cristão;HCC;333;Haja paz na terra;Miller/Jackson
Hinário para o Culto Cristão;HCC;334;Meu divino protetor;Wesley/ Parry
Hinário para o Culto Cristão;HCC;335;De teu cuidado terno;Lloyd/Bischoff
Hinário para o Culto Cristão;HCC;336;Meu coração descansa em Deus;Hewitt/mel. norueguesa
Hinário para o Culto Cristão;HCC;337;Chuvas de bênçãos;Whittle/ Ginsburg
Hinário para o Culto Cristão;HCC;338;Nossa fé Jesus contemplará;Pitrowsky/Ackley
Hinário para o Culto Cristão;HCC;339;Almejo a fé que forte é;Bathurst/ Havergal
Hinário para o Culto Cristão;HCC;340;Salvador bendito;Wright/Sullivan
Hinário para o Culto Cristão;HCC;342;Se queres forças na fraqueza;Neumark/ Young
Hinário para o Culto Cristão;HCC;343;Se queres forças na fraqueza;Neumark
Hinário para o Culto Cristão;HCC;344;Firme nas promessas;Carter
Hinário para o Culto Cristão;HCC;345;Firme nas promessas;Carter
Hinário para o Culto Cristão;HCC;346;Oh, não consintas tristezas!;F.Crosby/D.Hodges
Hinário para o Culto Cristão;HCC;347;Quero o Salvador comigo;F.Crosby/Z. Oliveira
Hinário para o Culto Cristão;HCC;348;A minha fé e o meu amor;Mote/ Bradbury
Hinário para o Culto Cristão;HCC;349;Meu Deus proverá;Nelson/Mel. galesa
Hinário para o Culto Cristão;HCC;350;A Jesus Cristo contarei tudo;Hoffman
Hinário para o Culto Cristão;HCC;351;Cristo, esperança viva;Harkness/ Mendelssohn
Hinário para o Culto Cristão;HCC;352;Cristo te estende sua forte mão;Carmichael
Hinário para o Culto Cristão;HCC;353;Aos pés de Deus;J.A. Feitoza
Hinário para o Culto Cristão;HCC;355;Aflito? Por que aflito?;Gióia Jr./Oliveira Fo.
Hinário para o Culto Cristão;HCC;356;Meu Senhor de tudo sabe;McNair/R. Manuel
Hinário para o Culto Cristão;HCC;357;O segredo do viver;Wright/Richardson
Hinário para o Culto Cristão;HCC;358;Ó Cristo, pão da vida;Holden/D.Evans
Hinário para o Culto Cristão;HCC;360;Espero em ti, Senhor;Palmer/Mason
Hinário para o Culto Cristão;HCC;361;Meu Senhor, sou teu;Crosby/Doane
Hinário para o Culto Cristão;HCC;362;Desejo a santidade;Ginsburg/Booth
Hinário para o Culto Cristão;HCC;363;Sê minha vida, ó Deus de poder;Letra irlandesa/Mel. trad. Irlandesa
Hinário para o Culto Cristão;HCC;364;Mais de Cristo;Hewitt/ Sweney
Hinário para o Culto Cristão;HCC;366;Em mim vem habitar;Costa/Doane
Hinário para o Culto Cristão;HCC;367;Com alegria venho, ó Deus;Sutton/ Harkness
Hinário para o Culto Cristão;HCC;369;Cristo, bom mestre, eis meu querer;Pollard/Stebbins
Hinário para o Culto Cristão;HCC;370;Vem, Salvador, agora, transformar;Foulkes/ Rollo
Hinário para o Culto Cristão;HCC;371;Mais puro quero ser;Davison/ Fillmore
Hinário para o Culto Cristão;HCC;372;Quero ser como Cristo;Chisholm/ Livingstone
Hinário para o Culto Cristão;HCC;373;Junto a ti;Crosby/ Vail
Hinário para o Culto Cristão;HCC;374;Ao orarmos, Senhor;Carmichael
Hinário para o Culto Cristão;HCC;375;Ouve-nos, Pastor divino;Thrupp/Bradbury
Hinário para o Culto Cristão;HCC;377;Com tua mão segura bem a minha;Hausmann/ Main
Hinário para o Culto Cristão;HCC;378;Bendita a hora de oração;Walford/ Bradbury
Hinário para o Culto Cristão;HCC;379;Dirijo a ti, Jesus, minha oração;Houston/ Doane
Hinário para o Culto Cristão;HCC;380;Com a minha voz clamo ao Senhor;V. Geier
Hinário para o Culto Cristão;HCC;381;Bendita é sempre hora da prece;Gióia/ H.G.
Hinário para o Culto Cristão;HCC;532;Testemunhas somos todos;Kaschel/Oliveira Filho
Hinário para o Culto Cristão;HCC;533;Nossa gente quer viver em segurança;Mathias/G.Seitz/I.Seitz/O.Filho
Hinário para o Culto Cristão;HCC;532;Testemunhas somos todos;Kaschel/Oliveira Filho
Hinário para o Culto Cristão;HCC;382;Senhor, se em meu caminho;Porto/Lloyd
Hinário para o Culto Cristão;HCC;383;Ó Deus eterno, vem me conceder;Ellerton/Hopkins
Hinário para o Culto Cristão;HCC;384;Nosso Pai que estás nos céus;Nunes Filho
Hinário para o Culto Cristão;HCC;386;Bem de manhã;S. Zuberbühler
Hinário para o Culto Cristão;HCC;387;O meu clamor, Ó Deus, atende;P.Filho/ L.Bourgeois
Hinário para o Culto Cristão;HCC;388;Santifica tua igreja;Wright/Williams
Hinário para o Culto Cristão;HCC;390;Filhos da luz;Kalley/Pitrowsky
Hinário para o Culto Cristão;HCC;392;Aviva-nos, Senhor!;Midlane/Doane
Hinário para o Culto Cristão;HCC;393;Em comunhão com Deus;McAfee/Sutton
Hinário para o Culto Cristão;HCC;394;Contigo, ó Mestre, quero andar;Gladden/Smith
Hinário para o Culto Cristão;HCC;395;Quero estar ao pé da cruz;Crosby/Doane
Hinário para o Culto Cristão;HCC;396;Busco o Senhor;J. Sutton
Hinário para o Culto Cristão;HCC;399;Mais perto quero estar;Adams/Mason
Hinário para o Culto Cristão;HCC;400;Quão preciosas são as horas;Goreh/Stebbins
Hinário para o Culto Cristão;HCC;401;Logo de manhã;A. Pires Jr.
Hinário para o Culto Cristão;HCC;402;Fica ao meu lado, ó Deus;Lyte/ Price
Hinário para o Culto Cristão;HCC;404;Eu andei a sós com Cristo;Smith/ Gaultney
Hinário para o Culto Cristão;HCC;406;Castelo forte é nosso Deus;M. Lutero
Hinário para o Culto Cristão;HCC;407;Bem-aventurado é aquele;V. Geier
Hinário para o Culto Cristão;HCC;408;Mestre, o mar se revolta;Baker/ Palmer
Hinário para o Culto Cristão;HCC;409;Sei que Jesus vai por onde eu andar;Bollback
Hinário para o Culto Cristão;HCC;411;Minha esperança, Jesus, asseguras;Cushing/Sankey
Hinário para o Culto Cristão;HCC;412;Deus é nosso Pai amado;SandellBerg/Mel. Sueca
Hinário para o Culto Cristão;HCC;413;Ouvi o Salvador dizer;Bonar/Dykes
Hinário para o Culto Cristão;HCC;416;Nossa morada na Rocha está;Owens/Kirkpatrick
Hinário para o Culto Cristão;HCC;417;Que segurança! Sou de Jesus!;Crosby/Knapp
Hinário para o Culto Cristão;HCC;419;Graças dou por minha vida;Storm/Hultman
Hinário para o Culto Cristão;HCC;420;De manhã, deixando o leito;Gonçalves/Ream
Hinário para o Culto Cristão;HCC;422;Como agradecer a Jesus?;A. Crouch
Hinário para o Culto Cristão;HCC;423;Agradeço a ti, Senhor;Mel. alemã
Hinário para o Culto Cristão;HCC;424;Saudamo-vos, irmãos, em Cristo;Diener/Manuel
Hinário para o Culto Cristão;HCC;426;Graças te rendemos;J. Gueiros
Hinário para o Culto Cristão;HCC;427;Pelo lar que tu nos deste;Renato Santos
Hinário para o Culto Cristão;HCC;429;A ti seja consagrada minha vida;Havergal
Hinário para o Culto Cristão;HCC;430;O que darei a Cristo?;L.Williams/P.Perkins
Hinário para o Culto Cristão;HCC;431;Eu resolvi seguir-te;J.Bode/H.Smart
Hinário para o Culto Cristão;HCC;433;Usa, Senhor;M. Coropos
Hinário para o Culto Cristão;HCC;434;Teu santo amor, Jesus;Phelps/Lowry
Hinário para o Culto Cristão;HCC;435;Não sou meu;Whitle/ McGraham
Hinário para o Culto Cristão;HCC;436;Queremos te conhecer mais e mais;L.Cruz
Hinário para o Culto Cristão;HCC;437;Eu canto a ti minha oração;Preston/Williams
Hinário para o Culto Cristão;HCC;438;Quero ser um vaso de bênção;Smyth/Entzminger
Hinário para o Culto Cristão;HCC;439;Toma, Senhor, minha mente;Havergal/ Shaffer
Hinário para o Culto Cristão;HCC;440;Venho a ti, Senhor;Lee Butler
Hinário para o Culto Cristão;HCC;442;Perto, mais perto;Morris
Hinário para o Culto Cristão;HCC;443;O que fez por mim;J. Moraes/R. Manuel
Hinário para o Culto Cristão;HCC;444;Conta as bênçãos;Oatman/ Excell
Hinário para o Culto Cristão;HCC;446;Brilho celeste;Zelley/ Cook
Hinário para o Culto Cristão;HCC;447;Mas eu sei em quem tenho crido;Whittle/McGranahan
Hinário para o Culto Cristão;HCC;448;Que mudança admirável;McDaniel/Gabriel
Hinário para o Culto Cristão;HCC;450;Triste e sombrio foi meu viver;Sleeper/ Stebbins
Hinário para o Culto Cristão;HCC;451;Como é triste andar em trevas;Figueiredo/Stebbins
Hinário para o Culto Cristão;HCC;452;Cristo satisfaz minha alma;McKinney
Hinário para o Culto Cristão;HCC;454;Eu Sou de Jesus;Rowe/ Ackley
Hinário para o Culto Cristão;HCC;456;Precioso é Jesus para mim;Gabriel
Hinário para o Culto Cristão;HCC;458;Por sua graça e compaixão;Gabriel
Hinário para o Culto Cristão;HCC;459;Quem meu coração encanta;T. Harris
Hinário para o Culto Cristão;HCC;460;Cristo em minha vida;Lima/Santos
Hinário para o Culto Cristão;HCC;462;Cristo me amou e me livrou;Rowe/Smith
Hinário para o Culto Cristão;HCC;463;O meu coração sofredor;Servoss/McGranaham
Hinário para o Culto Cristão;HCC;465;Crer e observar;Sammis/Towner
Hinário para o Culto Cristão;HCC;466;Cedo ou tarde;Lowell/Sims
Hinário para o Culto Cristão;HCC;467;Por onde me conduzir;McKinney
Hinário para o Culto Cristão;HCC;468;Onde quer que seja;Pounds/Kaiser
Hinário para o Culto Cristão;HCC;469;Sempre seguirei a Cristo;Cushing/Lowry
Hinário para o Culto Cristão;HCC;471;Cristo chama;C. F. H. Alexander
Hinário para o Culto Cristão;HCC;472;Tua vontade faze, ó Senhor;Pollard/Legge
Hinário para o Culto Cristão;HCC;473;Segundo a vontade de Deus;Gióia Jr./Oliveira Fo
Hinário para o Culto Cristão;HCC;475;Vem me ensinar, Senhor;Keegen/Kaschel
Hinário para o Culto Cristão;HCC;476;“Seguireis?”, Pergunta o Mestre;Marlatt/ Mason
Hinário para o Culto Cristão;HCC;478;Tua voz escuto a convocar-me;H. Rollo Jr.
Hinário para o Culto Cristão;HCC;480;Seguir a Cristo não é sacrifício;J.Sutton
Hinário para o Culto Cristão;HCC;482;Eu quero fazer o que queres, Senhor;Brown/ Rounsefell
Hinário para o Culto Cristão;HCC;484;Onde quer que for, irei;Crosby/ Sankey
Hinário para o Culto Cristão;HCC;486;O Mestre nos chama;Doudney/ Melodia Galesa
Hinário para o Culto Cristão;HCC;488;Brilha no meio do teu viver;Ogden/Gabriel
Hinário para o Culto Cristão;HCC;490;Deus nos chama a ser seu povo;Jackson/ Hodges
Hinário para o Culto Cristão;HCC;491;No serviço do meu Rei;Ackley/ Ackley
Hinário para o Culto Cristão;HCC;492;Mãos ao trabalho;Coghill/ Mason
Hinário para o Culto Cristão;HCC;493;Os seus intentos cumpre Deus;Ainger/Reynolds
Hinário para o Culto Cristão;HCC;494;Os seus intentos cumpre Deus;Ainger/Shaw
Hinário para o Culto Cristão;HCC;496;Barnabé, homem de Deus;Kerr Neto/ Manuel
Hinário para o Culto Cristão;HCC;497;Cristo amado;Jack P. Scholfield
Hinário para o Culto Cristão;HCC;499;Ouvi contar a história de Jesus;Barlett
Hinário para o Culto Cristão;HCC;500;Se Deus é por nós;Sutton/ Chaplin
Hinário para o Culto Cristão;HCC;502;Temos por lutas passado;Souza/Beazley
Hinário para o Culto Cristão;HCC;504;Da Igreja o fundamento;Stone/Wesley
Hinário para o Culto Cristão;HCC;505;Igrejas bem fortes;Almir Rosa
Hinário para o Culto Cristão;HCC;506;Senhor, a tua igreja;J. Sutton
Hinário para o Culto Cristão;HCC;507;Eu amo com fervor a Igreja;Dwight/ Williams
Hinário para o Culto Cristão;HCC;508;Senhor, que é nosso templo?;Pagura/Mel. dos irmãos boêmios
Hinário para o Culto Cristão;HCC;510;Às águas do Jordão;Entzminger/Rollo Jr.
Hinário para o Culto Cristão;HCC;511;Sou em teu nome batizado;Rambach/ Martin
Hinário para o Culto Cristão;HCC;512;Lembrando teu sepulcro;S. Ginsburg/Mel. trad. grega
Hinário para o Culto Cristão;HCC;513;Ó Senhor, nos alegramos;L. Silva/W. McCluer
Hinário para o Culto Cristão;HCC;514;Venham à mesa;David Hodges
Hinário para o Culto Cristão;HCC;515;A ceia do Senhor Jesus;Cotterill/Reinagle
Hinário para o Culto Cristão;HCC;516;Pão da vida;Ginsburg/Viner
Hinário para o Culto Cristão;HCC;516;Pão da vida;Ginsburg/Viner
Hinário para o Culto Cristão;HCC;518;Com prazer nos congregamos;Montgomery/Stainer
Hinário para o Culto Cristão;HCC;519;Reunidos junto à mesa;Guilherme Loureiro
Hinário para o Culto Cristão;HCC;520;Será possível esquecer?;Entzminger/Landerberger
Hinário para o Culto Cristão;HCC;521;Te damos graças, Pai onipotente;Simei Monteiro
Hinário para o Culto Cristão;HCC;524;Fiel, eterno e santo amor;Montgomery
Hinário para o Culto Cristão;HCC;525;Ah, se eu tivesse mil vozes!;Entzminger/Sherwin
Hinário para o Culto Cristão;HCC;526;Cristo é a única esperança;França/Ichter
Hinário para o Culto Cristão;HCC;528;Eis multidões;McGranaham
Hinário para o Culto Cristão;HCC;530;Pudesse contar toda a glória;Souza/Filmore
Hinário para o Culto Cristão;HCC;531;Mas nós somos luz;Kerr Neto/Oliveira Filho
Hinário para o Culto Cristão;HCC;532;Testemunhas somos todos;Kaschel/Oliveira Filho
Hinário para o Culto Cristão;HCC;533;Nossa gente quer viver em segurança;Mathias/G.Seitz/I.Seitz/O.Filho
Hinário para o Culto Cristão;HCC;534;Sim, conquistar o mundo pra Cristo;Ginsburg/Thompson
Hinário para o Culto Cristão;HCC;536;Levanta a tua voz e anuncia;M.Mathias/M.Gatz
Hinário para o Culto Cristão;HCC;537;Ouve, a voz divina clama;March/Manuel
Hinário para o Culto Cristão;HCC;538;Fala e não te cales;Soren/Gabriel
Hinário para o Culto Cristão;HCC;540;Desde um ao outro polo;Heber/Mason
Hinário para o Culto Cristão;HCC;541;As boas novas anunciai;Thompson/Walch
Hinário para o Culto Cristão;HCC;543;Eu aceito o desafio;J.Sutton
Hinário para o Culto Cristão;HCC;542;Só Jesus Cristo salva;Almeida/Kaschel
Hinário para o Culto Cristão;HCC;543;Eu aceito o desafio;J.Sutton
Hinário para o Culto Cristão;HCC;545;Eu vos envio;Clarkson/Peterson
Hinário para o Culto Cristão;HCC;546;Dá-me tua visão;Terrell
Hinário para o Culto Cristão;HCC;547;Sabeis falar de tudo;Crosby/Landenberger
Hinário para o Culto Cristão;HCC;549;Canto o novo canto da terra;S. Monteiro
Hinário para o Culto Cristão;HCC;551;Se eu posso hoje o bem fazer;Kleiser/ Faustini
Hinário para o Culto Cristão;HCC;552;Que estou fazendo se sou cristão?;Araújo/Lauretti
Hinário para o Culto Cristão;HCC;553;Nesta grande cidade vivemos;Araújo/ Manuel
Hinário para o Culto Cristão;HCC;555;A cidade Irá transformar-se;Gonçalves/ Oliveira Filho
Hinário para o Culto Cristão;HCC;557;Senhor, a ti rendemos louvor;Moreton/ Urnam
Hinário para o Culto Cristão;HCC;558;Aquele que leva a preciosa semente;Almir Rosa
Hinário para o Culto Cristão;HCC;560;Olhando para Cristo;Soren/Miles
Hinário para o Culto Cristão;HCC;562;Jesus, tu reuniste os teus amigos;J. Maraschim
Hinário para o Culto Cristão;HCC;563;Benditos laços são;Fawcett/ Nägeli
Hinário para o Culto Cristão;HCC;564;Pai, Faz-nos um;Ridings
Hinário para o Culto Cristão;HCC;566;Jesus, Pastor amado;Kalley/Webb
Hinário para o Culto Cristão;HCC;567;Não há em Cristo Norte ou Sul;Porto/ Burleigh
Hinário para o Culto Cristão;HCC;569;Qual o adorno desta vida?;Kalley/mel. inglesa
Hinário para o Culto Cristão;HCC;572;Somos um pelos laços do amor;Skillings
Hinário para o Culto Cristão;HCC;574;Um só rebanho;Freire/Morris
Hinário para o Culto Cristão;HCC;575;Na Pátria celeste;Payne
Hinário para o Culto Cristão;HCC;577;Perante o trono de esplendor;Sheperd/ Mattews
Hinário para o Culto Cristão;HCC;579;Jerusalém excelsa;Cluny/Ewing
Hinário para o Culto Cristão;HCC;580;Céu, lindo céu;Torrans
Hinário para o Culto Cristão;HCC;581;Há um rio cristalino;Lowry/ Day
Hinário para o Culto Cristão;HCC;583;Lá no céu moraremos;Hewitt/ Wilson
Hinário para o Culto Cristão;HCC;585;Já termina o ano velho;M.L. Andrade/Mel. trad. Leta
Hinário para o Culto Cristão;HCC;586;Por tanto amor que o Pai mostrou;Hutchinson/ Sullivan
Hinário para o Culto Cristão;HCC;588;Entoemos hinos de louvor;Pitrowsky/Hodges
Hinário para o Culto Cristão;HCC;589;Este templo dedicamos;Rodrígues/Ley
Hinário para o Culto Cristão;HCC;590;Em Cristo seja o lar edificado;Hart/R. Manuel
Hinário para o Culto Cristão;HCC;592;Lar feliz nós vamos ser;O. Alves
Hinário para o Culto Cristão;HCC;593;Nestes tempos de incerteza;J.Neto
Hinário para o Culto Cristão;HCC;595;Que feliz é o lar;Kaschel/ Oliveira Filho
Hinário para o Culto Cristão;HCC;596;Se houver amor;J.F. Neto
Hinário para o Culto Cristão;HCC;597;Perfeito Amor;Gurney/Stainer
Hinário para o Culto Cristão;HCC;598;Abençoa, Deus de amor;Taylor/ Faustini
Hinário para o Culto Cristão;HCC;600;De ti, ó meu Brasil;Smith/ Seitz
Hinário para o Culto Cristão;HCC;601;Por nossa Pátria oramos ;J.Rocha/J. Booth
Hinário para o Culto Cristão;HCC;603;Minha Pátria para Cristo;Entzminger/Lindsey
Hinário para o Culto Cristão;HCC;606;Que a Pátria inteira cante em teu louvor;Herbert/ McCutchan
Hinário para o Culto Cristão;HCC;607;O menino, que vai ser?;W. Kaschel/D. Gatz
Hinário para o Culto Cristão;HCC;609;Jesus recebeu e abençoou as criancinhas;J. Moraes/R. Manuel
Hinário para o Culto Cristão;HCC;610;Senhor, em tuas mãos paternas;Monod/Monteiro
Hinário para o Culto Cristão;HCC;611;Que alegria neste dia!;H. Penno/Hinário alemão
Hinário para o Culto Cristão;HCC;612;Neste dia, ó Pai amado;H. Fischer/Mel. holandesa
Hinário para o Culto Cristão;HCC;613;Com alegria recordamos;J. Sutton
Hinos de Louvor;HL;1;Grandioso Pai;
Hinos de Louvor;HL;2;Imutável, Altíssimo Deus;
Hinos de Louvor;HL;3;Adoro a Ti;
Hinos de Louvor;HL;4;De Eternidade a Eternidade;
Hinos de Louvor;HL;5;Digno de Louvor;
Hinos de Louvor;HL;6;Digno É o Senhor;
Hinos de Louvor;HL;7;Exaltai o Senhor;
Hinos de Louvor;HL;8;Para a Glória de Deus;
Hinos de Louvor;HL;9;Santo És, Senhor;
Hinos de Louvor;HL;10;Sê Exaltado;
Hinos de Louvor;HL;11;Vos Prostrai;
Hinos de Louvor;HL;12;Glorioso É Teu Nome;
Hinos de Louvor;HL;13;Tudo o Que Existe Aqui;
Hinos de Louvor;HL;14;Os Céus Declaram;
Hinos de Louvor;HL;15;Deus Está;
Hinos de Louvor;HL;16;Graça;
Hinos de Louvor;HL;17;Junto ao Meu Deus;
Hinos de Louvor;HL;18;Perfeita Paz;
Hinos de Louvor;HL;19;Deleita-te no Senhor;
Hinos de Louvor;HL;20;Meu Deus É Bom;
Hinos de Louvor;HL;21;Divino Amor;
Hinos de Louvor;HL;22;Jesus Chegou!;
Hinos de Louvor;HL;23;Nasceu Cristo em Belém;
Hinos de Louvor;HL;24;Rei da Glória;
Hinos de Louvor;HL;25;Admiro, como Admiro;
Hinos de Louvor;HL;26;O Mundo É Teu, Senhor;
Hinos de Louvor;HL;27;Tão Grande é Seu Amor;
Hinos de Louvor;HL;28;Seu Manto pelo Meu;
Hinos de Louvor;HL;29;Ao Contemplar;
Hinos de Louvor;HL;30;Foi em Meu Lugar;
Hinos de Louvor;HL;31;Foi por Mim;
Hinos de Louvor;HL;32;Me Libertou;
Hinos de Louvor;HL;33;Morri na Cruz por Ti;
Hinos de Louvor;HL;34;Rocha Eterna, Foi na Cruz;
Hinos de Louvor;HL;35;Tudo Ele Pagou;
Hinos de Louvor;HL;36;Sim, por Mim;
Hinos de Louvor;HL;37;Não Chores Mais;
Hinos de Louvor;HL;38;Vinde Adorar!;
Hinos de Louvor;HL;39;Eu Sou Filho do Rei;
Hinos de Louvor;HL;40;Hei de Vê-LO;
Hinos de Louvor;HL;41;Graças a Deus;
Hinos de Louvor;HL;42;Uma Simples Oferta;
Hinos de Louvor;HL;43;Entregarei a Ti;
Hinos de Louvor;HL;44;Lugar Santo;
Hinos de Louvor;HL;45;Um Coração Humilde;
Hinos de Louvor;HL;46;Tão Somente uma Vida;
Hinos de Louvor;HL;47;Senhor, Me Ensina;
Hinos de Louvor;HL;48;Eu Irei a uma Terra Feliz;
Hinos de Louvor;HL;49;Fogo Purificador;
Hinos de Louvor;HL;50;Não Eu, mas Cristo;
Hinos de Louvor;HL;51;Eu Serei Fiel;
Hinos de Louvor;HL;52;Eis-me Aqui, Mestre;
Hinos de Louvor;HL;53;Contemplai os Povos;
Hinos de Louvor;HL;54;Eis-me Aqui;
Hinos de Louvor;HL;55;Sê Forte;
Hinos de Louvor;HL;56;Olhando para Cristo;
Hinos de Louvor;HL;57;Serei Fiel;
Hinos de Louvor;HL;58;Juntos;
Hinos de Louvor;HL;59;Oração de Consagração;
Hinos de Louvor;HL;60;O Dia da Nossa União;
Hinos de Louvor;HL;61;No Vínculo da Perfeição;
Hinos de Louvor;HL;62;A Família, Dom Divino;
Hinos de Louvor;HL;63;A Palavra do Senhor;
Hinos de Louvor;HL;64;Consagração;
Hinos de Louvor;HL;65;Amor Glorioso;
Hinos de Louvor;HL;66;É Jesus Quem Salva;
Hinos de Louvor;HL;67;O Varão de Grande Dor;
Hinos de Louvor;HL;68;Aleluia! É meu Cristo;
Hinos de Louvor;HL;69;Bendita Cruz de Cristo;
Hinos de Louvor;HL;70;Bendita Cruz de Cristo (II);
Hinos de Louvor;HL;71;Rude Cruz;
Hinos de Louvor;HL;72;Eu Amo a Cruz;
Hinos de Louvor;HL;73;Completo em Ti;
Hinos de Louvor;HL;74;Completo em Ti (II);
Hinos de Louvor;HL;75;Firmeza;
Hinos de Louvor;HL;76;Firmado no Senhor;
Hinos de Louvor;HL;77;Lindo És, Meu Mestre;
Hinos de Louvor;HL;78;Lindo És, Meu Mestre (II);
Hinos de Louvor;HL;79;Oh, Graça Excelsa do Senhor;
Hinos de Louvor;HL;80;Oh, Graça Excelsa do Senhor (II);
Hinos de Louvor;HL;81;Santo, Poderoso!;
Hinos de Louvor;HL;82;Meu Cristo;
Hinos de Louvor;HL;83;Tu És Fiel, Senhor;
Hinos de Louvor;HL;84;Tu És Fiel, Senhor (II);
Hinos de Louvor;HL;85;Nossa Glória é Jesus Conhecer;
Hinos de Louvor;HL;86;Preciso do Senhor;
Hinos de Louvor;HL;87;Não Te Abandonarei;
Hinos de Louvor;HL;88;O Meu Pastor;
Hinos de Louvor;HL;89;Digno do Senhor Andar;
Hinos de Louvor;HL;90;Toma-Me;
Hinos de Louvor;HL;91;Servo de Todos;
Hinos de Louvor;HL;92;Maravilhoso Amor;
Hinos de Louvor;HL;93;Eu Não Sou Maior;
Hinos de Louvor;HL;94;Pela Graça, Sim;
Hinos de Louvor;HL;95;Dá Teu Melhor para O Mestre;
Hinos de Louvor;HL;96;Cantemos os Louvores;
Hinos de Louvor;HL;97;Jubilosos;
Hinos de Louvor;HL;98;Louve ao Senhor;
Hinos de Louvor;HL;99;Vós Criaturas;
Hinos de Louvor;HL;100;Vens a Mim;
Hinos de Louvor;HL;101;Não Temas;
Hinos de Louvor;HL;102;Maravilhoso É Ser de Cristo;
Hinos de Louvor;HL;103;Vitorioso;
Hinos de Louvor;HL;104;Firmai-vos em Cristo;
Hinos de Louvor;HL;105;Quem Somos Nós?;
Hinos de Louvor;HL;106;Saudai o Nome de Jesus;
Hinos de Louvor;HL;107;A Ti, Hosana;
Hinos de Louvor;HL;108;Grata Memoria;
Hinos de Louvor;HL;109;A Ti Sou Grato, Meu Jesus;
Hinos de Louvor;HL;110;Pela Graça e o Primor;
Hinos de Louvor;HL;111;Graças Dou;
Hinos de Louvor;HL;112;Graças Dou, Sim pela Vida;
Hinos de Louvor;HL;113;Louvores à Deus;
Hinos de Louvor;HL;114;Já Nasceu;
Hinos de Louvor;HL;115;Vem, Minha Alma Alegremente;
Hinos de Louvor;HL;116;Prossiga para o Alvo;
Hinos de Louvor;HL;117;Abre Meus Olhos;
Hinos de Louvor;HL;118;Cantai Um Novo Cântico;
Hinos de Louvor;HL;119;Mistério da Piedade;
Hinos de Louvor;HL;120;Àquele que no Trono Está;
Voz de Melodia;VM;1;Hino de louvor;
Voz de Melodia;VM;2;Grande é o Senhor;
Voz de Melodia;VM;3;A ti a glória;
Voz de Melodia;VM;4;A Deus demos glória;
Voz de Melodia;VM;5;Adoração;
Voz de Melodia;VM;6;Glória ao Teu nome;
Voz de Melodia;VM;7;Ao Deus de Abraão louvai;
Voz de Melodia;VM;8;A ti, ó Deus;
Voz de Melodia;VM;9;Quão grande és Tu;
Voz de Melodia;VM;10;Ó Deus, eterno ajudador;
Voz de Melodia;VM;11;Onipotente Rei;
Voz de Melodia;VM;12;Vinde, cristãos, cantai;
Voz de Melodia;VM;13;Louvamos-Te, ó Deus;
Voz de Melodia;VM;14;Santo! Santo! Santo!;
Voz de Melodia;VM;15;Deus é santo;
Voz de Melodia;VM;16;Vamos nós louvar a Deus;
Voz de Melodia;VM;17;Deslumbrante;
Voz de Melodia;VM;18;Venha adorar;
Voz de Melodia;VM;19;Na luz da madrugada;
Voz de Melodia;VM;20;Oh! vinde adorar;
Voz de Melodia;VM;21;Louvai ao nosso Deus;
Voz de Melodia;VM;22;Ao Rei adorai;
Voz de Melodia;VM;23;A Cristo Coroai;
Voz de Melodia;VM;24;Coroai (Coronation);
Voz de Melodia;VM;25;Coroai (Diadem);
Voz de Melodia;VM;26;Fonte tu de toda bênção;
Voz de Melodia;VM;27;Oh! que eu tivera línguas mil;
Voz de Melodia;VM;28;Ao Deus da criação louvai;
Voz de Melodia;VM;29;Aleluia;
Voz de Melodia;VM;30;Te louvarei, meu Senhor;
Voz de Melodia;VM;31;Eu te adoro;
Voz de Melodia;VM;32;Eu te amo, ó Deus;
Voz de Melodia;VM;33;Louvai;
Voz de Melodia;VM;34;Sou sua criação;
Voz de Melodia;VM;35;Glorioso dia;
Voz de Melodia;VM;36;Bela manhã;
Voz de Melodia;VM;37;Ó nós que amamos Deus;
Voz de Melodia;VM;38;Deus dos antigos;
Voz de Melodia;VM;39;Castelo forte;
Voz de Melodia;VM;40;Deus vê o coração;
Voz de Melodia;VM;41;Ó Deus do impossível;
Voz de Melodia;VM;42;Deus sábio, invisível;
Voz de Melodia;VM;43;Deus cuidará de Ti;
Voz de Melodia;VM;44;Meu amigo Jesus;
Voz de Melodia;VM;45;Meu Deus proverá;
Voz de Melodia;VM;46;Importará;
Voz de Melodia;VM;47;Que doce voz;
Voz de Melodia;VM;48;Refúgio Cristo sempre dá;
Voz de Melodia;VM;49;Nos tumultos desta vida;
Voz de Melodia;VM;50;Deus vos guarde;
Voz de Melodia;VM;51;Amigo incomparável;
Voz de Melodia;VM;52;Filhos nós do Pai celeste;
Voz de Melodia;VM;53;Guarda o meu coração;
Voz de Melodia;VM;54;Tu és o grande amparador;
Voz de Melodia;VM;55;Meu Deus cuida de mim;
Voz de Melodia;VM;56;Tu és a rocha;
Voz de Melodia;VM;57;Deus é meu abrigo;
Voz de Melodia;VM;58;Tu és fiel, Senhor;
Voz de Melodia;VM;59;No abrigo da rocha;
Voz de Melodia;VM;60;Sempre cuidará de mim;
Voz de Melodia;VM;61;Um bom amigo;
Voz de Melodia;VM;62;Deus tem cuidado de você;
Voz de Melodia;VM;63;Minha morada Jesus assegura;
Voz de Melodia;VM;64;Ouve-nos, Pastor divino;
Voz de Melodia;VM;65;Tão perto está o Senhor;
Voz de Melodia;VM;66;Meu Jesus me guia sempre;
Voz de Melodia;VM;67;Ó Mestre nos chama;
Voz de Melodia;VM;68;Guia-me, meu Salvador;
Voz de Melodia;VM;69;Deus de minha alma;
Voz de Melodia;VM;70;Jesus me guia;
Voz de Melodia;VM;71;Deus guia seus filhos;
Voz de Melodia;VM;72;Creia em Deus;
Voz de Melodia;VM;73;Meu Jesus;
Voz de Melodia;VM;74;Cada momento;
Voz de Melodia;VM;75;Guia-me, Senhor;
Voz de Melodia;VM;76;Senhor, Tu és o meu Pastor;
Voz de Melodia;VM;77;Os passos do justo;
Voz de Melodia;VM;78;Pelo vale;
Voz de Melodia;VM;79;O meu Pastor;
Voz de Melodia;VM;80;É tão vasto o amor divino;
Voz de Melodia;VM;81;O amor de Deus;
Voz de Melodia;VM;82;Que maravilha seu amor;
Voz de Melodia;VM;83;Quão vasto é o amor do Pai;
Voz de Melodia;VM;84;Ao Deus de amor;
Voz de Melodia;VM;85;O amor de Jesus;
Voz de Melodia;VM;86;Cristo tem amor por mim;
Voz de Melodia;VM;87;Oh, graça excelsa do Senhor;
Voz de Melodia;VM;88;Graça de Deus;
Voz de Melodia;VM;89;Maravilhosa graça;
Voz de Melodia;VM;90;Pela sua graça;
Voz de Melodia;VM;91;Nosso grande Salvador;
Voz de Melodia;VM;92;Lindo és, meu Mestre;
Voz de Melodia;VM;93;Rei dos céus;
Voz de Melodia;VM;94;Jesus, ó só pensar em Ti;
Voz de Melodia;VM;95;Cristo, Jesus há de reinar;
Voz de Melodia;VM;96;Coroai o Rei dos reis;
Voz de Melodia;VM;97;Cristo é Senhor;
Voz de Melodia;VM;98;Glória! glória! aleluia;
Voz de Melodia;VM;99;Ele é Rei;
Voz de Melodia;VM;100;Será exaltado;
Voz de Melodia;VM;101;Jesus é a luz;
Voz de Melodia;VM;102;Glória pra sempre;
Voz de Melodia;VM;103;Cristo, Senhor de tudo é;
Voz de Melodia;VM;104;Como é grande meu Jesus;
Voz de Melodia;VM;105;Que grande amigo;
Voz de Melodia;VM;106;Jesus, sempre te amo;
Voz de Melodia;VM;107;Mais de Cristo;
Voz de Melodia;VM;108;Precioso é Jesus;
Voz de Melodia;VM;109;Jesus é a luz do mundo;
Voz de Melodia;VM;110;Quão profundo o amor;
Voz de Melodia;VM;111;Sempre o mesmo;
Voz de Melodia;VM;112;Ontem, hoje e para sempre;
Voz de Melodia;VM;113;Cristo é fiel;
Voz de Melodia;VM;114;Maravilhoso é Cristo;
Voz de Melodia;VM;115;Maravilhoso é meu Salvador;
Voz de Melodia;VM;116;Seu nome é maravilhoso;
Voz de Melodia;VM;117;Oh! eu amo a Cristo;
Voz de Melodia;VM;118;Cristo é a rocha;
Voz de Melodia;VM;119;Meu bom Pastor é Cristo;
Voz de Melodia;VM;120;Cantai que o Salvador chegou;
Voz de Melodia;VM;121;É Natal de Cristo;
Voz de Melodia;VM;122;Eis que uma rosa surge;
Voz de Melodia;VM;123;Viva o Rei da glória;
Voz de Melodia;VM;124;Anjos vieram anunciar;
Voz de Melodia;VM;125;Ó crentes, exultai;
Voz de Melodia;VM;126;Glória;
Voz de Melodia;VM;127;Eis dos anjos a harmonia;
Voz de Melodia;VM;128;Cristo em Belém;
Voz de Melodia;VM;129;Ó noite santa;
Voz de Melodia;VM;130;Natalício de um Rei;
Voz de Melodia;VM;131;Noite de paz;
Voz de Melodia;VM;132;Numa estrebaria rude;
Voz de Melodia;VM;133;Em linda noite;
Voz de Melodia;VM;134;Vinde vê-lo;
Voz de Melodia;VM;135;Quem é o pequeno a repousar;
Voz de Melodia;VM;136;Pequena vila de Belém (Forest Green);
Voz de Melodia;VM;137;Pequena vila de Belém (St. Louis);
Voz de Melodia;VM;138;Noite jubilosa;
Voz de Melodia;VM;139;No céu brilho fulgente luz;
Voz de Melodia;VM;140;No humilde presépio (Cradle Song);
Voz de Melodia;VM;141;No humilde presépio (Mueller);
Voz de Melodia;VM;142;Crianças de todas as terras;
Voz de Melodia;VM;143;Exultem, ó povos;
Voz de Melodia;VM;144;Enquanto no campo;
Voz de Melodia;VM;145;Que Deus vos dê, senhores;
Voz de Melodia;VM;146;Vem, Jesus, habitar comigo;
Voz de Melodia;VM;147;Vem, Jesus, habitar comigo;
Voz de Melodia;VM;148;Adoremos;
Voz de Melodia;VM;149;Ó vem Emanuel;
Voz de Melodia;VM;150;Oh! vinde, fiéis;
Voz de Melodia;VM;151;Há um canto no ar;
Voz de Melodia;VM;152;No inverno frio;
Voz de Melodia;VM;153;Milhares de aleluias;
Voz de Melodia;VM;154;O primeiro Natal;
Voz de Melodia;VM;155;Há muitos anos;
Voz de Melodia;VM;156;Ó, vinde adoremos ao Salvador;
Voz de Melodia;VM;157;Nós reis magos do Oriente;
Voz de Melodia;VM;158;Viajantes;
Voz de Melodia;VM;159;A Canção do Servo;
Voz de Melodia;VM;160;Pra morrer, nasceu Cristo;
Voz de Melodia;VM;161;Não houve lugar para Cristo;
Voz de Melodia;VM;162;Bendita cruz de Cristo;
Voz de Melodia;VM;163;A fim de que Jesus sofreu;
Voz de Melodia;VM;164;Rude cruz;
Voz de Melodia;VM;165;Aleluia pela cruz;
Voz de Melodia;VM;166;Morri na cruz por Ti;
Voz de Melodia;VM;167;Faze-me lembrar;
Voz de Melodia;VM;168;Foi na cruz;
Voz de Melodia;VM;169;Glória ao Salvador;
Voz de Melodia;VM;170;Pendurado no madeiro;
Voz de Melodia;VM;171;Ao contemplar a rude cruz;
Voz de Melodia;VM;172;Quando no Calvário;
Voz de Melodia;VM;173;Cantarei de Jesus Cristo;
Voz de Melodia;VM;174;O Cordeiro de Deus;
Voz de Melodia;VM;175;O varão de grande dor;
Voz de Melodia;VM;176;Quero estar ao pé da cruz;
Voz de Melodia;VM;177;Rocha eterna;
Voz de Melodia;VM;178;Só Tu, Jesus;
Voz de Melodia;VM;179;Tudo consumado está;
Voz de Melodia;VM;180;Quão cego já vaguei;
Voz de Melodia;VM;181;Tu, Jesus, vieste me salvar;
Voz de Melodia;VM;182;O sangue de Cristo;
Voz de Melodia;VM;183;Só no sangue;
Voz de Melodia;VM;184;Achei a fonte carmesim;
Voz de Melodia;VM;185;Seja bendito o Cordeiro;
Voz de Melodia;VM;186;Pão da vida;
Voz de Melodia;VM;187;Cabeça ensanguentada;
Voz de Melodia;VM;188;O poder do sangue;
Voz de Melodia;VM;189;Ó vinde crentes e entoai;
Voz de Melodia;VM;190;Agora posso ver;
Voz de Melodia;VM;191;Ressurgiu;
Voz de Melodia;VM;192;Da sepultura saiu;
Voz de Melodia;VM;193;Ele vive;
Voz de Melodia;VM;194;Cristo volta, aleluia;
Voz de Melodia;VM;195;Regozijai-vos, ó crentes;
Voz de Melodia;VM;196;Que belíssimo dia;
Voz de Melodia;VM;197;Cristo virá outra vez;
Voz de Melodia;VM;198;Breve Jesus voltará;
Voz de Melodia;VM;199;Um dia o Salvador virá;
Voz de Melodia;VM;200;Hoje talvez;
Voz de Melodia;VM;201;Chamada final;
Voz de Melodia;VM;202;Um dia;
Voz de Melodia;VM;203;Maranata;
Voz de Melodia;VM;204;A reunião no ar;
Voz de Melodia;VM;205;Do pão do céu;
Voz de Melodia;VM;206;Livro da vida;
Voz de Melodia;VM;207;O pão da vida;
Voz de Melodia;VM;208;Que firme alicerce;
Voz de Melodia;VM;209;Firme nas promessas;
Voz de Melodia;VM;210;Nada impossível é;
Voz de Melodia;VM;211;A paz do céu;
Voz de Melodia;VM;212;Terás vida em olhar pra Jesus;
Voz de Melodia;VM;213;A mensagem do Senhor;
Voz de Melodia;VM;214;Que alicerce tendes;
Voz de Melodia;VM;215;Cristo salva o pecador;
Voz de Melodia;VM;216;Só por Jesus;
Voz de Melodia;VM;217;Oh! que grande esta redenção;
Voz de Melodia;VM;218;Eis a escrava resgatada;
Voz de Melodia;VM;219;Cristo me amou e me livrou;
Voz de Melodia;VM;220;Remido, eu vou proclamar;
Voz de Melodia;VM;221;Salvo estou;
Voz de Melodia;VM;222;Alma ansiosa;
Voz de Melodia;VM;223;De Jesus a doce voz;
Voz de Melodia;VM;224;Contai-me a velha história;
Voz de Melodia;VM;225;Nada mereço;
Voz de Melodia;VM;226;Veio Jesus a este mundo;
Voz de Melodia;VM;227;O meu cálice;
Voz de Melodia;VM;228;Eu tenho um Salvador;
Voz de Melodia;VM;229;Mais um nome;
Voz de Melodia;VM;230;Nova vida;
Voz de Melodia;VM;231;Os anjos estão a cantar;
Voz de Melodia;VM;232;Eu pertenço ao Rei (Flora Jean);
Voz de Melodia;VM;233;Que segurança;
Voz de Melodia;VM;234;O abrigo de Deus;
Voz de Melodia;VM;235;De uma vez;
Voz de Melodia;VM;236;Seguro estou;
Voz de Melodia;VM;237;Eu pertenço ao Rei (Clifton);
Voz de Melodia;VM;238;Mas eu sei em quem tenho crido;
Voz de Melodia;VM;239;Cristo salva;
Voz de Melodia;VM;240;Eu venho a Ti, Senhor;
Voz de Melodia;VM;241;Atribulado coração;
Voz de Melodia;VM;242;Deixa a luz do céu entrar;
Voz de Melodia;VM;243;Dá teu coração;
Voz de Melodia;VM;244;Jesus quer entrar;
Voz de Melodia;VM;245;Tendes vós lugar;
Voz de Melodia;VM;246;À frente, dois caminhos;
Voz de Melodia;VM;247;O que farás com Cristo;
Voz de Melodia;VM;248;Quase achegado;
Voz de Melodia;VM;249;Que farás com seu grande amor;
Voz de Melodia;VM;250;Manso e suave;
Voz de Melodia;VM;251;Tal qual estou;
Voz de Melodia;VM;252;Sonda-me, ó Deus;
Voz de Melodia;VM;253;Um coração puro;
Voz de Melodia;VM;254;Sou forasteiro aqui;
Voz de Melodia;VM;255;Conforme a tua infinita graça;
Voz de Melodia;VM;256;Volto ao lar;
Voz de Melodia;VM;257;Um coração frio;
Voz de Melodia;VM;258;Aviva-nos, Senhor;
Voz de Melodia;VM;259;Cristo, bom mestre;
Voz de Melodia;VM;260;Um vaso novo;
Voz de Melodia;VM;261;Tudo entregarei;
Voz de Melodia;VM;262;Guarda o teu coração;
Voz de Melodia;VM;263;Estou seguindo a Jesus Cristo;
Voz de Melodia;VM;264;Tudo por Cristo;
Voz de Melodia;VM;265;Meu Senhor, sou Teu;
Voz de Melodia;VM;266;O que queres, Senhor;
Voz de Melodia;VM;267;Mais perto, sim;
Voz de Melodia;VM;268;Vaso apenas;
Voz de Melodia;VM;269;Não o meu querer;
Voz de Melodia;VM;270;Tempo de ser santo (Holiness);
Voz de Melodia;VM;271;Tempo de ser santo (Jason);
Voz de Melodia;VM;272;Uma paixão por Ti;
Voz de Melodia;VM;273;Perto, mais perto;
Voz de Melodia;VM;274;Meu desejo;
Voz de Melodia;VM;275;Homens fiéis;
Voz de Melodia;VM;276;Seguireis? Pergunta o Mestre;
Voz de Melodia;VM;277;Te dou minha vida, Senhor;
Voz de Melodia;VM;278;Um servo Teu;
Voz de Melodia;VM;279;Que fiéis nós sejamos;
Voz de Melodia;VM;280;Onde quer que seja;
Voz de Melodia;VM;281;Ó meu Senhor, irei;
Voz de Melodia;VM;282;Onde quer que for, irei;
Voz de Melodia;VM;283;Meu coração;
Voz de Melodia;VM;284;O que darei a Cristo;
Voz de Melodia;VM;285;Fruto dar;
Voz de Melodia;VM;286;Davi;
Voz de Melodia;VM;287;Daniel;
Voz de Melodia;VM;288;Jonas;
Voz de Melodia;VM;289;Não temerei;
Voz de Melodia;VM;290;O segredo do viver;
Voz de Melodia;VM;291;Confiar em Cristo;
Voz de Melodia;VM;292;A minha fé;
Voz de Melodia;VM;293;Fé dos nossos pais;
Voz de Melodia;VM;294;Cristo valerá;
Voz de Melodia;VM;295;Quero o Salvador;
Voz de Melodia;VM;296;Salvador bendito;
Voz de Melodia;VM;297;Rica promessa;
Voz de Melodia;VM;298;Confiando em meu Jesus;
Voz de Melodia;VM;299;Só confiar;
Voz de Melodia;VM;300;Seguirei a Ti;
Voz de Melodia;VM;301;Eu só confio no Senhor;
Voz de Melodia;VM;302;Crer e observar;
Voz de Melodia;VM;303;Confio só em Ti;
Voz de Melodia;VM;304;Buscai primeiro o reino de Deus;
Voz de Melodia;VM;305;Preciso do Senhor;
Voz de Melodia;VM;306;Em Jesus amigo temos;
Voz de Melodia;VM;307;Mais perto quero estar;
Voz de Melodia;VM;308;Contar a Jesus;
Voz de Melodia;VM;309;Ouça sua voz;
Voz de Melodia;VM;310;Meu tempo a sós com Deus;
Voz de Melodia;VM;311;Quão preciosas são as horas;
Voz de Melodia;VM;312;Bendita a hora de oração;
Voz de Melodia;VM;313;Em fervente oração;
Voz de Melodia;VM;314;Sua fé Jesus contemplará;
Voz de Melodia;VM;315;Nossa oração;
Voz de Melodia;VM;316;O coração em paz;
Voz de Melodia;VM;317;Dia a dia;
Voz de Melodia;VM;318;Que consolação;
Voz de Melodia;VM;319;Com Cristo estou contente;
Voz de Melodia;VM;320;Sossegai;
Voz de Melodia;VM;321;Seu caminho é perfeito;
Voz de Melodia;VM;322;Como um calmo rio;
Voz de Melodia;VM;323;Junto ao coração de Deus;
Voz de Melodia;VM;324;Exulta, meu coração;
Voz de Melodia;VM;325;Sou feliz;
Voz de Melodia;VM;326;Regozija em Deus;
Voz de Melodia;VM;327;Dá-me ó Deus uma alegria;
Voz de Melodia;VM;328;Que alegria neste dia;
Voz de Melodia;VM;329;Ó bendita luz de Deus;
Voz de Melodia;VM;330;Brilho celeste;
Voz de Melodia;VM;331;Ando sempre alegre;
Voz de Melodia;VM;332;Oh! eu sou feliz;
Voz de Melodia;VM;333;O homem feliz;
Voz de Melodia;VM;334;Brilha no viver;
Voz de Melodia;VM;335;Cantando vou;
Voz de Melodia;VM;336;De Ti, Jesus Senhor;
Voz de Melodia;VM;337;Faze-me um forasteiro;
Voz de Melodia;VM;338;Marchamos para Sião;
Voz de Melodia;VM;339;O caminho da cruz;
Voz de Melodia;VM;340;Com valor, sem temor;
Voz de Melodia;VM;341;Viverei para glorificar Jesus;
Voz de Melodia;VM;342;Pra mim o viver é Cristo;
Voz de Melodia;VM;343;Olhando para Cristo;
Voz de Melodia;VM;344;Junto a Ti;
Voz de Melodia;VM;345;Cristo é tudo para mim;
Voz de Melodia;VM;346;Andando com Jesus;
Voz de Melodia;VM;347;Novo canto há em meu ser;
Voz de Melodia;VM;348;Eu sou de Jesus;
Voz de Melodia;VM;349;Nome bom, doce à fé;
Voz de Melodia;VM;350;Eu sou filho adotado;
Voz de Melodia;VM;351;Asas qual águias;
Voz de Melodia;VM;352;Minha alma canta melodias;
Voz de Melodia;VM;353;Cantarei a linda história;
Voz de Melodia;VM;354;A Alegria de Jesus;
Voz de Melodia;VM;355;Com Cristo no meu coração;
Voz de Melodia;VM;356;Jesus é melhor;
Voz de Melodia;VM;357;Por Jesus desprezo o mundo;
Voz de Melodia;VM;358;Te amo;
Voz de Melodia;VM;359;Conta as bênçãos;
Voz de Melodia;VM;360;Cantarei das bênçãos do Senhor;
Voz de Melodia;VM;361;Chuvas de bênçãos;
Voz de Melodia;VM;362;Que a beleza de Cristo;
Voz de Melodia;VM;363;Deus é tão bom;
Voz de Melodia;VM;364;Quero cantar uma linda;
Voz de Melodia;VM;365;Oh! redimido sou;
Voz de Melodia;VM;366;Ditoso o dia;
Voz de Melodia;VM;367;Sempre seguirei a Cristo;
Voz de Melodia;VM;368;Glorificar-te é o meu dever;
Voz de Melodia;VM;369;Eu vi Cristo em Ti;
Voz de Melodia;VM;370;Ser como Cristo;
Voz de Melodia;VM;371;Lutai por Cristo;
Voz de Melodia;VM;372;Vamos batalhar;
Voz de Melodia;VM;373;Oh! que belos hinos;
Voz de Melodia;VM;374;Cristo amado;
Voz de Melodia;VM;375;Lutai por Cristo;
Voz de Melodia;VM;376;Mais que vencedores;
Voz de Melodia;VM;377;Vitória em Cristo;
Voz de Melodia;VM;378;Graças pela vitória;
Voz de Melodia;VM;379;Mais vale que o ouro;
Voz de Melodia;VM;380;Vai buscar;
Voz de Melodia;VM;381;Falemos de Cristo;
Voz de Melodia;VM;382;A mensagem vem de Deus;
Voz de Melodia;VM;383;É isto que me faz cantar;
Voz de Melodia;VM;384;Hoje, guia-me, Senhor;
Voz de Melodia;VM;385;Jesus é bom;
Voz de Melodia;VM;386;A nova do evangelho;
Voz de Melodia;VM;387;Contai-me a velha história;
Voz de Melodia;VM;388;A doce história;
Voz de Melodia;VM;389;Não me falaram de Cristo;
Voz de Melodia;VM;390;As nações contaremos a história;
Voz de Melodia;VM;391;Cristo é a única esperança;
Voz de Melodia;VM;392;Brasil;
Voz de Melodia;VM;393;Mil vozes para o Brasil;
Voz de Melodia;VM;394;Oração pela pátria;
Voz de Melodia;VM;395;Vamos, irmãos, levar essa luz;
Voz de Melodia;VM;396;Dai-nos luz;
Voz de Melodia;VM;397;Sim, marchar avante;
Voz de Melodia;VM;398;Eis os milhões;
Voz de Melodia;VM;399;As boas novas;
Voz de Melodia;VM;400;Onde os obreiros;
Voz de Melodia;VM;401;Avançai com Jesus;
Voz de Melodia;VM;402;Eis-me aqui, Senhor;
Voz de Melodia;VM;403;Um a um;
Voz de Melodia;VM;404;Havemos de colher;
Voz de Melodia;VM;405;A ordem do Senhor;
Voz de Melodia;VM;406;Ide;
Voz de Melodia;VM;407;Mãos ao trabalho;
Voz de Melodia;VM;408;Dá teu melhor;
Voz de Melodia;VM;409;Fiel quero ser;
Voz de Melodia;VM;410;No serviço do meu Rei;
Voz de Melodia;VM;411;Servo de Cristo;
Voz de Melodia;VM;412;Deus procura um pastorzinho;
Voz de Melodia;VM;413;Servir a Jesus;
Voz de Melodia;VM;414;Quero ser um vaso de bênção;
Voz de Melodia;VM;415;Vamos nós trabalhar;
Voz de Melodia;VM;416;Vamos à igreja;
Voz de Melodia;VM;417;A igreja verdadeira;
Voz de Melodia;VM;418;Benditos laços;
Voz de Melodia;VM;419;Às águas do Jordão;
Voz de Melodia;VM;420;Perfeito amor;
Voz de Melodia;VM;421;Vem nosso lar abençoar;
Voz de Melodia;VM;422;Tempos preciosos;
Voz de Melodia;VM;423;Teu pra sempre;
Voz de Melodia;VM;424;Humildemente ao Teu altar;
Voz de Melodia;VM;425;De graça salvo, cantarei;
Voz de Melodia;VM;426;Primeiro quero ver meu Salvador;
Voz de Melodia;VM;427;Lá no céu;
Voz de Melodia;VM;428;Face a face;
Voz de Melodia;VM;429;Hei de vê-lo;
Voz de Melodia;VM;430;Anelo o lar;
Voz de Melodia;VM;431;Hei de ver meu Redentor;
Voz de Melodia;VM;432;Glória pra mim;
Voz de Melodia;VM;433;Grandes coisas, mui gloriosas;
Voz de Melodia;VM;434;Hino nacional brasileiro;
Voz de Melodia;VM;435;Felicidades;
Corinhos;COR;;A colheita;